Panchayat_Code,Gram_Panchayat,Ward_No,Revenue_Village,Polling_Station_No,Polling_Station_Name,Serial_No,Voter_Name,Voter_Name_En,Relative_Relation,Relative_Name,House_No,Age,Gender,EPIC_No,Section_Part
GP01,एकलसिंहा,1,एकलसिंहा,51,राजकीय उच्च माध्यमिक विद्यालय कमरा नं.-01 एकलसिंहा,1,सुरेश कुमार,Suresh Kumar,पिता,रामेश्वर लाल,3,22,M,RJ/01/100001,1
GP01,एकलसिंहा,1,एकलसिंहा,51,राजकीय उच्च माध्यमिक विद्यालय कमरा नं.-01 एकलसिंहा,2,मंजू देवी,Manju Devi,पति,सुरेश कुमार,4,21,F,RJ/01/100002,1
GP01,एकलसिंहा,1,एकलसिंहा,51,राजकीय उच्च माध्यमिक विद्यालय कमरा नं.-01 एकलसिंहा,3,गोपाल वैष्णव,Gopal Vaishnav,पिता,मदन लाल,3,38,M,RJ/01/100003,1
GP01,एकलसिंहा,1,एकलसिंहा,51,राजकीय उच्च माध्यमिक विद्यालय कमरा नं.-01 एकलसिंहा,4,अनिता वैष्णव,Anita Vaishnav,पति,गोपाल वैष्णव,4,35,F,RJ/01/100004,1
GP01,एकलसिंहा,1,एकलसिंहा,51,राजकीय उच्च माध्यमिक विद्यालय कमरा नं.-01 एकलसिंहा,5,कैलाश चंद,Kailash Chand,पिता,रूघनाथ राम,3,52,M,RJ/01/100005,1
GP01,एकलसिंहा,2,एकलसिंहा,52,राजकीय उच्च माध्यमिक विद्यालय कमरा नं.-02 एकलसिंहा,1,गोपाल वैष्णव,Gopal Vaishnav,पिता,मदन लाल,6,38,M,RJ/01/100006,1
GP01,एकलसिंहा,2,एकलसिंहा,52,राजकीय उच्च माध्यमिक विद्यालय कमरा नं.-02 एकलसिंहा,2,अनिता वैष्णव,Anita Vaishnav,पति,गोपाल वैष्णव,7,35,F,RJ/01/100007,1
GP01,एकलसिंहा,2,एकलसिंहा,52,राजकीय उच्च माध्यमिक विद्यालय कमरा नं.-02 एकलसिंहा,3,कैलाश चंद,Kailash Chand,पिता,रूघनाथ राम,6,52,M,RJ/01/100008,1
GP01,एकलसिंहा,2,एकलसिंहा,52,राजकीय उच्च माध्यमिक विद्यालय कमरा नं.-02 एकलसिंहा,4,कमला देवी,Kamla Devi,पति,कैलाश चंद,7,48,F,RJ/01/100009,1
GP01,एकलसिंहा,2,एकलसिंहा,52,राजकीय उच्च माध्यमिक विद्यालय कमरा नं.-02 एकलसिंहा,5,राकेश चौधरी,Rakesh Choudhary,पिता,कैलाश चंद,6,26,M,RJ/01/100010,1
GP01,एकलसिंहा,3,एकलसिंहा,53,राजकीय उच्च माध्यमिक विद्यालय कमरा नं.-03 एकलसिंहा,1,कैलाश चंद,Kailash Chand,पिता,रूघनाथ राम,9,52,M,RJ/01/100011,1
GP01,एकलसिंहा,3,एकलसिंहा,53,राजकीय उच्च माध्यमिक विद्यालय कमरा नं.-03 एकलसिंहा,2,कमला देवी,Kamla Devi,पति,कैलाश चंद,10,48,F,RJ/01/100012,1
GP01,एकलसिंहा,3,एकलसिंहा,53,राजकीय उच्च माध्यमिक विद्यालय कमरा नं.-03 एकलसिंहा,3,राकेश चौधरी,Rakesh Choudhary,पिता,कैलाश चंद,9,26,M,RJ/01/100013,1
GP01,एकलसिंहा,3,एकलसिंहा,53,राजकीय उच्च माध्यमिक विद्यालय कमरा नं.-03 एकलसिंहा,4,पूजा चौधरी,Pooja Choudhary,पति,राकेश चौधरी,10,24,F,RJ/01/100014,1
GP01,एकलसिंहा,3,एकलसिंहा,53,राजकीय उच्च माध्यमिक विद्यालय कमरा नं.-03 एकलसिंहा,5,दिनेश गुर्जर,Dinesh Gurjar,पिता,हरदेव गुर्जर,9,34,M,RJ/01/100015,1
GP01,एकलसिंहा,4,एकलसिंहा,51,राजकीय उच्च माध्यमिक विद्यालय कमरा नं.-01 एकलसिंहा,1,राकेश चौधरी,Rakesh Choudhary,पिता,कैलाश चंद,12,26,M,RJ/01/100016,1
GP01,एकलसिंहा,4,एकलसिंहा,51,राजकीय उच्च माध्यमिक विद्यालय कमरा नं.-01 एकलसिंहा,2,पूजा चौधरी,Pooja Choudhary,पति,राकेश चौधरी,13,24,F,RJ/01/100017,1
GP01,एकलसिंहा,4,एकलसिंहा,51,राजकीय उच्च माध्यमिक विद्यालय कमरा नं.-01 एकलसिंहा,3,दिनेश गुर्जर,Dinesh Gurjar,पिता,हरदेव गुर्जर,12,34,M,RJ/01/100018,1
GP01,एकलसिंहा,4,एकलसिंहा,51,राजकीय उच्च माध्यमिक विद्यालय कमरा नं.-01 एकलसिंहा,4,सुशीला गुर्जर,Sushila Gurjar,पति,दिनेश गुर्जर,13,31,F,RJ/01/100019,1
GP01,एकलसिंहा,4,एकलसिंहा,51,राजकीय उच्च माध्यमिक विद्यालय कमरा नं.-01 एकलसिंहा,5,भागचंद रेगर,Bhagchand Regar,पिता,लादू राम,12,47,M,RJ/01/100020,1
GP01,एकलसिंहा,5,एकलसिंहा,52,राजकीय उच्च माध्यमिक विद्यालय कमरा नं.-02 एकलसिंहा,1,दिनेश गुर्जर,Dinesh Gurjar,पिता,हरदेव गुर्जर,15,34,M,RJ/01/100021,1
GP01,एकलसिंहा,5,एकलसिंहा,52,राजकीय उच्च माध्यमिक विद्यालय कमरा नं.-02 एकलसिंहा,2,सुशीला गुर्जर,Sushila Gurjar,पति,दिनेश गुर्जर,16,31,F,RJ/01/100022,1
GP01,एकलसिंहा,5,एकलसिंहा,52,राजकीय उच्च माध्यमिक विद्यालय कमरा नं.-02 एकलसिंहा,3,भागचंद रेगर,Bhagchand Regar,पिता,लादू राम,15,47,M,RJ/01/100023,1
GP01,एकलसिंहा,5,एकलसिंहा,52,राजकीय उच्च माध्यमिक विद्यालय कमरा नं.-02 एकलसिंहा,4,प्रेम देवी,Prem Devi,पति,भागचंद रेगर,16,44,F,RJ/01/100024,1
GP01,एकलसिंहा,5,एकलसिंहा,52,राजकीय उच्च माध्यमिक विद्यालय कमरा नं.-02 एकलसिंहा,5,मुकेश जाट,Mukesh Jat,पिता,रामदेव,15,29,M,RJ/01/100025,1
GP01,एकलसिंहा,6,ढाणी,53,राजकीय उच्च माध्यमिक विद्यालय कमरा नं.-03 एकलसिंहा,1,भागचंद रेगर,Bhagchand Regar,पिता,लादू राम,18,47,M,RJ/01/100026,1
GP01,एकलसिंहा,6,ढाणी,53,राजकीय उच्च माध्यमिक विद्यालय कमरा नं.-03 एकलसिंहा,2,प्रेम देवी,Prem Devi,पति,भागचंद रेगर,19,44,F,RJ/01/100027,1
GP01,एकलसिंहा,6,ढाणी,53,राजकीय उच्च माध्यमिक विद्यालय कमरा नं.-03 एकलसिंहा,3,मुकेश जाट,Mukesh Jat,पिता,रामदेव,18,29,M,RJ/01/100028,1
GP01,एकलसिंहा,6,ढाणी,53,राजकीय उच्च माध्यमिक विद्यालय कमरा नं.-03 एकलसिंहा,4,ममता जाट,Mamta Jat,पति,मुकेश जाट,19,27,F,RJ/01/100029,1
GP01,एकलसिंहा,6,ढाणी,53,राजकीय उच्च माध्यमिक विद्यालय कमरा नं.-03 एकलसिंहा,5,शांति लाल जैन,Shanti Lal Jain,पिता,शान्ति स्वरूप,18,63,M,RJ/01/100030,1
GP01,एकलसिंहा,7,चावण्डिया,51,राजकीय उच्च माध्यमिक विद्यालय कमरा नं.-01 एकलसिंहा,1,मुकेश जाट,Mukesh Jat,पिता,रामदेव,21,29,M,RJ/01/100031,1
GP01,एकलसिंहा,7,चावण्डिया,51,राजकीय उच्च माध्यमिक विद्यालय कमरा नं.-01 एकलसिंहा,2,ममता जाट,Mamta Jat,पति,मुकेश जाट,22,27,F,RJ/01/100032,1
GP01,एकलसिंहा,7,चावण्डिया,51,राजकीय उच्च माध्यमिक विद्यालय कमरा नं.-01 एकलसिंहा,3,शांति लाल जैन,Shanti Lal Jain,पिता,शान्ति स्वरूप,21,63,M,RJ/01/100033,1
GP01,एकलसिंहा,7,चावण्डिया,51,राजकीय उच्च माध्यमिक विद्यालय कमरा नं.-01 एकलसिंहा,4,सविता जैन,Savita Jain,पति,शांति लाल जैन,22,59,F,RJ/01/100034,1
GP01,एकलसिंहा,7,चावण्डिया,51,राजकीय उच्च माध्यमिक विद्यालय कमरा नं.-01 एकलसिंहा,5,राजेंद्र शर्मा,Rajendra Sharma,पिता,कल्याण सहाय,21,50,M,RJ/01/100035,1
GP01,एकलसिंहा,8,चावण्डिया,52,राजकीय उच्च माध्यमिक विद्यालय कमरा नं.-02 एकलसिंहा,1,शांति लाल जैन,Shanti Lal Jain,पिता,शान्ति स्वरूप,24,63,M,RJ/01/100036,1
GP01,एकलसिंहा,8,चावण्डिया,52,राजकीय उच्च माध्यमिक विद्यालय कमरा नं.-02 एकलसिंहा,2,सविता जैन,Savita Jain,पति,शांति लाल जैन,25,59,F,RJ/01/100037,1
GP01,एकलसिंहा,8,चावण्डिया,52,राजकीय उच्च माध्यमिक विद्यालय कमरा नं.-02 एकलसिंहा,3,राजेंद्र शर्मा,Rajendra Sharma,पिता,कल्याण सहाय,24,50,M,RJ/01/100038,1
GP01,एकलसिंहा,8,चावण्डिया,52,राजकीय उच्च माध्यमिक विद्यालय कमरा नं.-02 एकलसिंहा,4,सुनीता शर्मा,Sunita Sharma,पति,राजेंद्र शर्मा,25,46,F,RJ/01/100039,1
GP01,एकलसिंहा,8,चावण्डिया,52,राजकीय उच्च माध्यमिक विद्यालय कमरा नं.-02 एकलसिंहा,5,रामेश्वर लाल,Rameshwar Lal,पिता,सुखदेव जी,24,45,M,RJ/01/100040,1
GP01,एकलसिंहा,9,चावण्डिया,53,राजकीय उच्च माध्यमिक विद्यालय कमरा नं.-03 एकलसिंहा,1,राजेंद्र शर्मा,Rajendra Sharma,पिता,कल्याण सहाय,27,50,M,RJ/01/100041,1
GP01,एकलसिंहा,9,चावण्डिया,53,राजकीय उच्च माध्यमिक विद्यालय कमरा नं.-03 एकलसिंहा,2,सुनीता शर्मा,Sunita Sharma,पति,राजेंद्र शर्मा,28,46,F,RJ/01/100042,1
GP01,एकलसिंहा,9,चावण्डिया,53,राजकीय उच्च माध्यमिक विद्यालय कमरा नं.-03 एकलसिंहा,3,रामेश्वर लाल,Rameshwar Lal,पिता,सुखदेव जी,27,45,M,RJ/01/100043,1
GP01,एकलसिंहा,9,चावण्डिया,53,राजकीय उच्च माध्यमिक विद्यालय कमरा नं.-03 एकलसिंहा,4,कौशल्या देवी,Kaushalya Devi,पति,रामेश्वर लाल,28,41,F,RJ/01/100044,1
GP01,एकलसिंहा,9,चावण्डिया,53,राजकीय उच्च माध्यमिक विद्यालय कमरा नं.-03 एकलसिंहा,5,सुरेश कुमार,Suresh Kumar,पिता,रामेश्वर लाल,27,22,M,RJ/01/100045,1
GP02,कनई कलां,1,कनई कलां,63,राजकीय उच्च माध्यमिक विद्यालय कमरा नं.-02 कनेईकलां,1,सुरेश कुमार,Suresh Kumar,पिता,रामेश्वर लाल,3,22,M,RJ/02/100046,1
GP02,कनई कलां,1,कनई कलां,63,राजकीय उच्च माध्यमिक विद्यालय कमरा नं.-02 कनेईकलां,2,मंजू देवी,Manju Devi,पति,सुरेश कुमार,4,21,F,RJ/02/100047,1
GP02,कनई कलां,1,कनई कलां,63,राजकीय उच्च माध्यमिक विद्यालय कमरा नं.-02 कनेईकलां,3,गोपाल वैष्णव,Gopal Vaishnav,पिता,मदन लाल,3,38,M,RJ/02/100048,1
GP02,कनई कलां,1,कनई कलां,63,राजकीय उच्च माध्यमिक विद्यालय कमरा नं.-02 कनेईकलां,4,अनिता वैष्णव,Anita Vaishnav,पति,गोपाल वैष्णव,4,35,F,RJ/02/100049,1
GP02,कनई कलां,1,कनई कलां,63,राजकीय उच्च माध्यमिक विद्यालय कमरा नं.-02 कनेईकलां,5,कैलाश चंद,Kailash Chand,पिता,रूघनाथ राम,3,52,M,RJ/02/100050,1
GP02,कनई कलां,2,कनई कलां,64,राजकीय उच्च माध्यमिक विद्यालय कमरा नं.-03 कनेईकलां,1,गोपाल वैष्णव,Gopal Vaishnav,पिता,मदन लाल,6,38,M,RJ/02/100051,1
GP02,कनई कलां,2,कनई कलां,64,राजकीय उच्च माध्यमिक विद्यालय कमरा नं.-03 कनेईकलां,2,अनिता वैष्णव,Anita Vaishnav,पति,गोपाल वैष्णव,7,35,F,RJ/02/100052,1
GP02,कनई कलां,2,कनई कलां,64,राजकीय उच्च माध्यमिक विद्यालय कमरा नं.-03 कनेईकलां,3,कैलाश चंद,Kailash Chand,पिता,रूघनाथ राम,6,52,M,RJ/02/100053,1
GP02,कनई कलां,2,कनई कलां,64,राजकीय उच्च माध्यमिक विद्यालय कमरा नं.-03 कनेईकलां,4,कमला देवी,Kamla Devi,पति,कैलाश चंद,7,48,F,RJ/02/100054,1
GP02,कनई कलां,2,कनई कलां,64,राजकीय उच्च माध्यमिक विद्यालय कमरा नं.-03 कनेईकलां,5,राकेश चौधरी,Rakesh Choudhary,पिता,कैलाश चंद,6,26,M,RJ/02/100055,1
GP02,कनई कलां,3,लक्ष्मीपुरा,65,राजकीय उच्च माध्यमिक विद्यालय कमरा नं.-04 कनेईकलां,1,कैलाश चंद,Kailash Chand,पिता,रूघनाथ राम,9,52,M,RJ/02/100056,1
GP02,कनई कलां,3,लक्ष्मीपुरा,65,राजकीय उच्च माध्यमिक विद्यालय कमरा नं.-04 कनेईकलां,2,कमला देवी,Kamla Devi,पति,कैलाश चंद,10,48,F,RJ/02/100057,1
GP02,कनई कलां,3,लक्ष्मीपुरा,65,राजकीय उच्च माध्यमिक विद्यालय कमरा नं.-04 कनेईकलां,3,राकेश चौधरी,Rakesh Choudhary,पिता,कैलाश चंद,9,26,M,RJ/02/100058,1
GP02,कनई कलां,3,लक्ष्मीपुरा,65,राजकीय उच्च माध्यमिक विद्यालय कमरा नं.-04 कनेईकलां,4,पूजा चौधरी,Pooja Choudhary,पति,राकेश चौधरी,10,24,F,RJ/02/100059,1
GP02,कनई कलां,3,लक्ष्मीपुरा,65,राजकीय उच्च माध्यमिक विद्यालय कमरा नं.-04 कनेईकलां,5,दिनेश गुर्जर,Dinesh Gurjar,पिता,हरदेव गुर्जर,9,34,M,RJ/02/100060,1
GP02,कनई कलां,4,निमेडा,63,राजकीय उच्च माध्यमिक विद्यालय कमरा नं.-02 कनेईकलां,1,राकेश चौधरी,Rakesh Choudhary,पिता,कैलाश चंद,12,26,M,RJ/02/100061,1
GP02,कनई कलां,4,निमेडा,63,राजकीय उच्च माध्यमिक विद्यालय कमरा नं.-02 कनेईकलां,2,पूजा चौधरी,Pooja Choudhary,पति,राकेश चौधरी,13,24,F,RJ/02/100062,1
GP02,कनई कलां,4,निमेडा,63,राजकीय उच्च माध्यमिक विद्यालय कमरा नं.-02 कनेईकलां,3,दिनेश गुर्जर,Dinesh Gurjar,पिता,हरदेव गुर्जर,12,34,M,RJ/02/100063,1
GP02,कनई कलां,4,निमेडा,63,राजकीय उच्च माध्यमिक विद्यालय कमरा नं.-02 कनेईकलां,4,सुशीला गुर्जर,Sushila Gurjar,पति,दिनेश गुर्जर,13,31,F,RJ/02/100064,1
GP02,कनई कलां,4,निमेडा,63,राजकीय उच्च माध्यमिक विद्यालय कमरा नं.-02 कनेईकलां,5,भागचंद रेगर,Bhagchand Regar,पिता,लादू राम,12,47,M,RJ/02/100065,1
GP02,कनई कलां,5,निमेडा,64,राजकीय उच्च माध्यमिक विद्यालय कमरा नं.-03 कनेईकलां,1,दिनेश गुर्जर,Dinesh Gurjar,पिता,हरदेव गुर्जर,15,34,M,RJ/02/100066,1
GP02,कनई कलां,5,निमेडा,64,राजकीय उच्च माध्यमिक विद्यालय कमरा नं.-03 कनेईकलां,2,सुशीला गुर्जर,Sushila Gurjar,पति,दिनेश गुर्जर,16,31,F,RJ/02/100067,1
GP02,कनई कलां,5,निमेडा,64,राजकीय उच्च माध्यमिक विद्यालय कमरा नं.-03 कनेईकलां,3,भागचंद रेगर,Bhagchand Regar,पिता,लादू राम,15,47,M,RJ/02/100068,1
GP02,कनई कलां,5,निमेडा,64,राजकीय उच्च माध्यमिक विद्यालय कमरा नं.-03 कनेईकलां,4,प्रेम देवी,Prem Devi,पति,भागचंद रेगर,16,44,F,RJ/02/100069,1
GP02,कनई कलां,5,निमेडा,64,राजकीय उच्च माध्यमिक विद्यालय कमरा नं.-03 कनेईकलां,5,मुकेश जाट,Mukesh Jat,पिता,रामदेव,15,29,M,RJ/02/100070,1
GP02,कनई कलां,6,निमेडा,65,राजकीय उच्च माध्यमिक विद्यालय कमरा नं.-04 कनेईकलां,1,भागचंद रेगर,Bhagchand Regar,पिता,लादू राम,18,47,M,RJ/02/100071,1
GP02,कनई कलां,6,निमेडा,65,राजकीय उच्च माध्यमिक विद्यालय कमरा नं.-04 कनेईकलां,2,प्रेम देवी,Prem Devi,पति,भागचंद रेगर,19,44,F,RJ/02/100072,1
GP02,कनई कलां,6,निमेडा,65,राजकीय उच्च माध्यमिक विद्यालय कमरा नं.-04 कनेईकलां,3,मुकेश जाट,Mukesh Jat,पिता,रामदेव,18,29,M,RJ/02/100073,1
GP02,कनई कलां,6,निमेडा,65,राजकीय उच्च माध्यमिक विद्यालय कमरा नं.-04 कनेईकलां,4,ममता जाट,Mamta Jat,पति,मुकेश जाट,19,27,F,RJ/02/100074,1
GP02,कनई कलां,6,निमेडा,65,राजकीय उच्च माध्यमिक विद्यालय कमरा नं.-04 कनेईकलां,5,शांति लाल जैन,Shanti Lal Jain,पिता,शान्ति स्वरूप,18,63,M,RJ/02/100075,1
GP02,कनई कलां,7,कनई खुर्द,63,राजकीय उच्च माध्यमिक विद्यालय कमरा नं.-02 कनेईकलां,1,मुकेश जाट,Mukesh Jat,पिता,रामदेव,21,29,M,RJ/02/100076,1
GP02,कनई कलां,7,कनई खुर्द,63,राजकीय उच्च माध्यमिक विद्यालय कमरा नं.-02 कनेईकलां,2,ममता जाट,Mamta Jat,पति,मुकेश जाट,22,27,F,RJ/02/100077,1
GP02,कनई कलां,7,कनई खुर्द,63,राजकीय उच्च माध्यमिक विद्यालय कमरा नं.-02 कनेईकलां,3,शांति लाल जैन,Shanti Lal Jain,पिता,शान्ति स्वरूप,21,63,M,RJ/02/100078,1
GP02,कनई कलां,7,कनई खुर्द,63,राजकीय उच्च माध्यमिक विद्यालय कमरा नं.-02 कनेईकलां,4,सविता जैन,Savita Jain,पति,शांति लाल जैन,22,59,F,RJ/02/100079,1
GP02,कनई कलां,7,कनई खुर्द,63,राजकीय उच्च माध्यमिक विद्यालय कमरा नं.-02 कनेईकलां,5,राजेंद्र शर्मा,Rajendra Sharma,पिता,कल्याण सहाय,21,50,M,RJ/02/100080,1
GP02,कनई कलां,8,कनई खुर्द,64,राजकीय उच्च माध्यमिक विद्यालय कमरा नं.-03 कनेईकलां,1,शांति लाल जैन,Shanti Lal Jain,पिता,शान्ति स्वरूप,24,63,M,RJ/02/100081,1
GP02,कनई कलां,8,कनई खुर्द,64,राजकीय उच्च माध्यमिक विद्यालय कमरा नं.-03 कनेईकलां,2,सविता जैन,Savita Jain,पति,शांति लाल जैन,25,59,F,RJ/02/100082,1
GP02,कनई कलां,8,कनई खुर्द,64,राजकीय उच्च माध्यमिक विद्यालय कमरा नं.-03 कनेईकलां,3,राजेंद्र शर्मा,Rajendra Sharma,पिता,कल्याण सहाय,24,50,M,RJ/02/100083,1
GP02,कनई कलां,8,कनई खुर्द,64,राजकीय उच्च माध्यमिक विद्यालय कमरा नं.-03 कनेईकलां,4,सुनीता शर्मा,Sunita Sharma,पति,राजेंद्र शर्मा,25,46,F,RJ/02/100084,1
GP02,कनई कलां,8,कनई खुर्द,64,राजकीय उच्च माध्यमिक विद्यालय कमरा नं.-03 कनेईकलां,5,रामेश्वर लाल,Rameshwar Lal,पिता,सुखदेव जी,24,45,M,RJ/02/100085,1
GP02,कनई कलां,9,धांधो का खेडा,65,राजकीय उच्च माध्यमिक विद्यालय कमरा नं.-04 कनेईकलां,1,राजेंद्र शर्मा,Rajendra Sharma,पिता,कल्याण सहाय,27,50,M,RJ/02/100086,1
GP02,कनई कलां,9,धांधो का खेडा,65,राजकीय उच्च माध्यमिक विद्यालय कमरा नं.-04 कनेईकलां,2,सुनीता शर्मा,Sunita Sharma,पति,राजेंद्र शर्मा,28,46,F,RJ/02/100087,1
GP02,कनई कलां,9,धांधो का खेडा,65,राजकीय उच्च माध्यमिक विद्यालय कमरा नं.-04 कनेईकलां,3,रामेश्वर लाल,Rameshwar Lal,पिता,सुखदेव जी,27,45,M,RJ/02/100088,1
GP02,कनई कलां,9,धांधो का खेडा,65,राजकीय उच्च माध्यमिक विद्यालय कमरा नं.-04 कनेईकलां,4,कौशल्या देवी,Kaushalya Devi,पति,रामेश्वर लाल,28,41,F,RJ/02/100089,1
GP02,कनई कलां,9,धांधो का खेडा,65,राजकीय उच्च माध्यमिक विद्यालय कमरा नं.-04 कनेईकलां,5,सुरेश कुमार,Suresh Kumar,पिता,रामेश्वर लाल,27,22,M,RJ/02/100090,1
GP03,करांटी,1,करांटी,66,राजकीय उच्च माध्यमिक विद्यालय कमरा नं.-02 करांटी,1,सुरेश कुमार,Suresh Kumar,पिता,रामेश्वर लाल,3,22,M,RJ/03/100091,1
GP03,करांटी,1,करांटी,66,राजकीय उच्च माध्यमिक विद्यालय कमरा नं.-02 करांटी,2,मंजू देवी,Manju Devi,पति,सुरेश कुमार,4,21,F,RJ/03/100092,1
GP03,करांटी,1,करांटी,66,राजकीय उच्च माध्यमिक विद्यालय कमरा नं.-02 करांटी,3,गोपाल वैष्णव,Gopal Vaishnav,पिता,मदन लाल,3,38,M,RJ/03/100093,1
GP03,करांटी,2,करांटी,67,राजकीय उच्च माध्यमिक विद्यालय कमरा नं.-04 करांटी,1,गोपाल वैष्णव,Gopal Vaishnav,पिता,मदन लाल,6,38,M,RJ/03/100094,1
GP03,करांटी,2,करांटी,67,राजकीय उच्च माध्यमिक विद्यालय कमरा नं.-04 करांटी,2,अनिता वैष्णव,Anita Vaishnav,पति,गोपाल वैष्णव,7,35,F,RJ/03/100095,1
GP03,करांटी,2,करांटी,67,राजकीय उच्च माध्यमिक विद्यालय कमरा नं.-04 करांटी,3,कैलाश चंद,Kailash Chand,पिता,रूघनाथ राम,6,52,M,RJ/03/100096,1
GP03,करांटी,3,करांटी,68,राजकीय उच्च माध्यमिक विद्यालय कमरा नं.-07 करांटी,1,कैलाश चंद,Kailash Chand,पिता,रूघनाथ राम,9,52,M,RJ/03/100097,1
GP03,करांटी,3,करांटी,68,राजकीय उच्च माध्यमिक विद्यालय कमरा नं.-07 करांटी,2,कमला देवी,Kamla Devi,पति,कैलाश चंद,10,48,F,RJ/03/100098,1
GP03,करांटी,3,करांटी,68,राजकीय उच्च माध्यमिक विद्यालय कमरा नं.-07 करांटी,3,राकेश चौधरी,Rakesh Choudhary,पिता,कैलाश चंद,9,26,M,RJ/03/100099,1
GP03,करांटी,4,करांटी,66,राजकीय उच्च माध्यमिक विद्यालय कमरा नं.-02 करांटी,1,राकेश चौधरी,Rakesh Choudhary,पिता,कैलाश चंद,12,26,M,RJ/03/100100,1
GP03,करांटी,4,करांटी,66,राजकीय उच्च माध्यमिक विद्यालय कमरा नं.-02 करांटी,2,पूजा चौधरी,Pooja Choudhary,पति,राकेश चौधरी,13,24,F,RJ/03/100101,1
GP03,करांटी,4,करांटी,66,राजकीय उच्च माध्यमिक विद्यालय कमरा नं.-02 करांटी,3,दिनेश गुर्जर,Dinesh Gurjar,पिता,हरदेव गुर्जर,12,34,M,RJ/03/100102,1
GP03,करांटी,5,करांटी,67,राजकीय उच्च माध्यमिक विद्यालय कमरा नं.-04 करांटी,1,दिनेश गुर्जर,Dinesh Gurjar,पिता,हरदेव गुर्जर,15,34,M,RJ/03/100103,1
GP03,करांटी,5,करांटी,67,राजकीय उच्च माध्यमिक विद्यालय कमरा नं.-04 करांटी,2,सुशीला गुर्जर,Sushila Gurjar,पति,दिनेश गुर्जर,16,31,F,RJ/03/100104,1
GP03,करांटी,5,करांटी,67,राजकीय उच्च माध्यमिक विद्यालय कमरा नं.-04 करांटी,3,भागचंद रेगर,Bhagchand Regar,पिता,लादू राम,15,47,M,RJ/03/100105,1
GP03,करांटी,6,गोपालपुरा,68,राजकीय उच्च माध्यमिक विद्यालय कमरा नं.-07 करांटी,1,भागचंद रेगर,Bhagchand Regar,पिता,लादू राम,18,47,M,RJ/03/100106,1
GP03,करांटी,6,गोपालपुरा,68,राजकीय उच्च माध्यमिक विद्यालय कमरा नं.-07 करांटी,2,प्रेम देवी,Prem Devi,पति,भागचंद रेगर,19,44,F,RJ/03/100107,1
GP03,करांटी,6,गोपालपुरा,68,राजकीय उच्च माध्यमिक विद्यालय कमरा नं.-07 करांटी,3,मुकेश जाट,Mukesh Jat,पिता,रामदेव,18,29,M,RJ/03/100108,1
GP03,करांटी,7,गोपालपुरा,66,राजकीय उच्च माध्यमिक विद्यालय कमरा नं.-02 करांटी,1,मुकेश जाट,Mukesh Jat,पिता,रामदेव,21,29,M,RJ/03/100109,1
GP03,करांटी,7,गोपालपुरा,66,राजकीय उच्च माध्यमिक विद्यालय कमरा नं.-02 करांटी,2,ममता जाट,Mamta Jat,पति,मुकेश जाट,22,27,F,RJ/03/100110,1
GP03,करांटी,7,गोपालपुरा,66,राजकीय उच्च माध्यमिक विद्यालय कमरा नं.-02 करांटी,3,शांति लाल जैन,Shanti Lal Jain,पिता,शान्ति स्वरूप,21,63,M,RJ/03/100111,1
GP04,कुम्हारिया,1,बगराई,77,राजकीय उच्च माध्यमिक विद्यालय कमरा नं.-02 कुम्हारिया,1,सुरेश कुमार,Suresh Kumar,पिता,रामेश्वर लाल,3,22,M,RJ/04/100112,1
GP04,कुम्हारिया,1,बगराई,77,राजकीय उच्च माध्यमिक विद्यालय कमरा नं.-02 कुम्हारिया,2,मंजू देवी,Manju Devi,पति,सुरेश कुमार,4,21,F,RJ/04/100113,1
GP04,कुम्हारिया,1,बगराई,77,राजकीय उच्च माध्यमिक विद्यालय कमरा नं.-02 कुम्हारिया,3,गोपाल वैष्णव,Gopal Vaishnav,पिता,मदन लाल,3,38,M,RJ/04/100114,1
GP04,कुम्हारिया,2,सूरजपुरा,78,राजकीय उच्च माध्यमिक विद्यालय कमरा नं.-03 कुम्हारिया,1,गोपाल वैष्णव,Gopal Vaishnav,पिता,मदन लाल,6,38,M,RJ/04/100115,1
GP04,कुम्हारिया,2,सूरजपुरा,78,राजकीय उच्च माध्यमिक विद्यालय कमरा नं.-03 कुम्हारिया,2,अनिता वैष्णव,Anita Vaishnav,पति,गोपाल वैष्णव,7,35,F,RJ/04/100116,1
GP04,कुम्हारिया,2,सूरजपुरा,78,राजकीय उच्च माध्यमिक विद्यालय कमरा नं.-03 कुम्हारिया,3,कैलाश चंद,Kailash Chand,पिता,रूघनाथ राम,6,52,M,RJ/04/100117,1
GP04,कुम्हारिया,3,किटाप,79,राजकीय उच्च माध्यमिक विद्यालय कमरा नं.-06 कुम्हारिया,1,कैलाश चंद,Kailash Chand,पिता,रूघनाथ राम,9,52,M,RJ/04/100118,1
GP04,कुम्हारिया,3,किटाप,79,राजकीय उच्च माध्यमिक विद्यालय कमरा नं.-06 कुम्हारिया,2,कमला देवी,Kamla Devi,पति,कैलाश चंद,10,48,F,RJ/04/100119,1
GP04,कुम्हारिया,3,किटाप,79,राजकीय उच्च माध्यमिक विद्यालय कमरा नं.-06 कुम्हारिया,3,राकेश चौधरी,Rakesh Choudhary,पिता,कैलाश चंद,9,26,M,RJ/04/100120,1
GP04,कुम्हारिया,4,किटाप,80,राजकीय उच्च माध्यमिक विद्यालय कमरा नं.-07 कुम्हारिया,1,राकेश चौधरी,Rakesh Choudhary,पिता,कैलाश चंद,12,26,M,RJ/04/100121,1
GP04,कुम्हारिया,4,किटाप,80,राजकीय उच्च माध्यमिक विद्यालय कमरा नं.-07 कुम्हारिया,2,पूजा चौधरी,Pooja Choudhary,पति,राकेश चौधरी,13,24,F,RJ/04/100122,1
GP04,कुम्हारिया,4,किटाप,80,राजकीय उच्च माध्यमिक विद्यालय कमरा नं.-07 कुम्हारिया,3,दिनेश गुर्जर,Dinesh Gurjar,पिता,हरदेव गुर्जर,12,34,M,RJ/04/100123,1
GP04,कुम्हारिया,5,किटाप,77,राजकीय उच्च माध्यमिक विद्यालय कमरा नं.-02 कुम्हारिया,1,दिनेश गुर्जर,Dinesh Gurjar,पिता,हरदेव गुर्जर,15,34,M,RJ/04/100124,1
GP04,कुम्हारिया,5,किटाप,77,राजकीय उच्च माध्यमिक विद्यालय कमरा नं.-02 कुम्हारिया,2,सुशीला गुर्जर,Sushila Gurjar,पति,दिनेश गुर्जर,16,31,F,RJ/04/100125,1
GP04,कुम्हारिया,5,किटाप,77,राजकीय उच्च माध्यमिक विद्यालय कमरा नं.-02 कुम्हारिया,3,भागचंद रेगर,Bhagchand Regar,पिता,लादू राम,15,47,M,RJ/04/100126,1
GP04,कुम्हारिया,6,किटाप,78,राजकीय उच्च माध्यमिक विद्यालय कमरा नं.-03 कुम्हारिया,1,भागचंद रेगर,Bhagchand Regar,पिता,लादू राम,18,47,M,RJ/04/100127,1
GP04,कुम्हारिया,6,किटाप,78,राजकीय उच्च माध्यमिक विद्यालय कमरा नं.-03 कुम्हारिया,2,प्रेम देवी,Prem Devi,पति,भागचंद रेगर,19,44,F,RJ/04/100128,1
GP04,कुम्हारिया,6,किटाप,78,राजकीय उच्च माध्यमिक विद्यालय कमरा नं.-03 कुम्हारिया,3,मुकेश जाट,Mukesh Jat,पिता,रामदेव,18,29,M,RJ/04/100129,1
GP04,कुम्हारिया,7,कुम्हारिया,79,राजकीय उच्च माध्यमिक विद्यालय कमरा नं.-06 कुम्हारिया,1,मुकेश जाट,Mukesh Jat,पिता,रामदेव,21,29,M,RJ/04/100130,1
GP04,कुम्हारिया,7,कुम्हारिया,79,राजकीय उच्च माध्यमिक विद्यालय कमरा नं.-06 कुम्हारिया,2,ममता जाट,Mamta Jat,पति,मुकेश जाट,22,27,F,RJ/04/100131,1
GP04,कुम्हारिया,7,कुम्हारिया,79,राजकीय उच्च माध्यमिक विद्यालय कमरा नं.-06 कुम्हारिया,3,शांति लाल जैन,Shanti Lal Jain,पिता,शान्ति स्वरूप,21,63,M,RJ/04/100132,1
GP04,कुम्हारिया,8,कुम्हारिया,80,राजकीय उच्च माध्यमिक विद्यालय कमरा नं.-07 कुम्हारिया,1,शांति लाल जैन,Shanti Lal Jain,पिता,शान्ति स्वरूप,24,63,M,RJ/04/100133,1
GP04,कुम्हारिया,8,कुम्हारिया,80,राजकीय उच्च माध्यमिक विद्यालय कमरा नं.-07 कुम्हारिया,2,सविता जैन,Savita Jain,पति,शांति लाल जैन,25,59,F,RJ/04/100134,1
GP04,कुम्हारिया,8,कुम्हारिया,80,राजकीय उच्च माध्यमिक विद्यालय कमरा नं.-07 कुम्हारिया,3,राजेंद्र शर्मा,Rajendra Sharma,पिता,कल्याण सहाय,24,50,M,RJ/04/100135,1
GP04,कुम्हारिया,9,कुम्हारिया,77,राजकीय उच्च माध्यमिक विद्यालय कमरा नं.-02 कुम्हारिया,1,राजेंद्र शर्मा,Rajendra Sharma,पिता,कल्याण सहाय,27,50,M,RJ/04/100136,1
GP04,कुम्हारिया,9,कुम्हारिया,77,राजकीय उच्च माध्यमिक विद्यालय कमरा नं.-02 कुम्हारिया,2,सुनीता शर्मा,Sunita Sharma,पति,राजेंद्र शर्मा,28,46,F,RJ/04/100137,1
GP04,कुम्हारिया,9,कुम्हारिया,77,राजकीय उच्च माध्यमिक विद्यालय कमरा नं.-02 कुम्हारिया,3,रामेश्वर लाल,Rameshwar Lal,पिता,सुखदेव जी,27,45,M,RJ/04/100138,1
GP04,कुम्हारिया,10,कुम्हारिया,78,राजकीय उच्च माध्यमिक विद्यालय कमरा नं.-03 कुम्हारिया,1,रामेश्वर लाल,Rameshwar Lal,पिता,सुखदेव जी,30,45,M,RJ/04/100139,1
GP04,कुम्हारिया,10,कुम्हारिया,78,राजकीय उच्च माध्यमिक विद्यालय कमरा नं.-03 कुम्हारिया,2,कौशल्या देवी,Kaushalya Devi,पति,रामेश्वर लाल,31,41,F,RJ/04/100140,1
GP04,कुम्हारिया,10,कुम्हारिया,78,राजकीय उच्च माध्यमिक विद्यालय कमरा नं.-03 कुम्हारिया,3,सुरेश कुमार,Suresh Kumar,पिता,रामेश्वर लाल,30,22,M,RJ/04/100141,1
GP04,कुम्हारिया,11,कुम्हारिया,79,राजकीय उच्च माध्यमिक विद्यालय कमरा नं.-06 कुम्हारिया,1,सुरेश कुमार,Suresh Kumar,पिता,रामेश्वर लाल,33,22,M,RJ/04/100142,1
GP04,कुम्हारिया,11,कुम्हारिया,79,राजकीय उच्च माध्यमिक विद्यालय कमरा नं.-06 कुम्हारिया,2,मंजू देवी,Manju Devi,पति,सुरेश कुमार,34,21,F,RJ/04/100143,1
GP04,कुम्हारिया,11,कुम्हारिया,79,राजकीय उच्च माध्यमिक विद्यालय कमरा नं.-06 कुम्हारिया,3,गोपाल वैष्णव,Gopal Vaishnav,पिता,मदन लाल,33,38,M,RJ/04/100144,1
GP05,कैरोट,1,कैरोट,69,राजकीय उच्च माध्यमिक विद्यालय कमरा नं.-10 केरोट,1,सुरेश कुमार,Suresh Kumar,पिता,रामेश्वर लाल,3,22,M,RJ/05/100145,1
GP05,कैरोट,1,कैरोट,69,राजकीय उच्च माध्यमिक विद्यालय कमरा नं.-10 केरोट,2,मंजू देवी,Manju Devi,पति,सुरेश कुमार,4,21,F,RJ/05/100146,1
GP05,कैरोट,1,कैरोट,69,राजकीय उच्च माध्यमिक विद्यालय कमरा नं.-10 केरोट,3,गोपाल वैष्णव,Gopal Vaishnav,पिता,मदन लाल,3,38,M,RJ/05/100147,1
GP05,कैरोट,2,कैरोट,70,राजकीय उच्च माध्यमिक विद्यालय कमरा नं.-11 केरोट,1,गोपाल वैष्णव,Gopal Vaishnav,पिता,मदन लाल,6,38,M,RJ/05/100148,1
GP05,कैरोट,2,कैरोट,70,राजकीय उच्च माध्यमिक विद्यालय कमरा नं.-11 केरोट,2,अनिता वैष्णव,Anita Vaishnav,पति,गोपाल वैष्णव,7,35,F,RJ/05/100149,1
GP05,कैरोट,2,कैरोट,70,राजकीय उच्च माध्यमिक विद्यालय कमरा नं.-11 केरोट,3,कैलाश चंद,Kailash Chand,पिता,रूघनाथ राम,6,52,M,RJ/05/100150,1
GP05,कैरोट,3,कैरोट,71,राजकीय उच्च माध्यमिक विद्यालय कमरा नं.-12 केरोट,1,कैलाश चंद,Kailash Chand,पिता,रूघनाथ राम,9,52,M,RJ/05/100151,1
GP05,कैरोट,3,कैरोट,71,राजकीय उच्च माध्यमिक विद्यालय कमरा नं.-12 केरोट,2,कमला देवी,Kamla Devi,पति,कैलाश चंद,10,48,F,RJ/05/100152,1
GP05,कैरोट,3,कैरोट,71,राजकीय उच्च माध्यमिक विद्यालय कमरा नं.-12 केरोट,3,राकेश चौधरी,Rakesh Choudhary,पिता,कैलाश चंद,9,26,M,RJ/05/100153,1
GP05,कैरोट,4,कैरोट,72,राजकीय उच्च माध्यमिक विद्यालय कमरा नं.-14 केरोट,1,राकेश चौधरी,Rakesh Choudhary,पिता,कैलाश चंद,12,26,M,RJ/05/100154,1
GP05,कैरोट,4,कैरोट,72,राजकीय उच्च माध्यमिक विद्यालय कमरा नं.-14 केरोट,2,पूजा चौधरी,Pooja Choudhary,पति,राकेश चौधरी,13,24,F,RJ/05/100155,1
GP05,कैरोट,4,कैरोट,72,राजकीय उच्च माध्यमिक विद्यालय कमरा नं.-14 केरोट,3,दिनेश गुर्जर,Dinesh Gurjar,पिता,हरदेव गुर्जर,12,34,M,RJ/05/100156,1
GP05,कैरोट,5,कैरोट,69,राजकीय उच्च माध्यमिक विद्यालय कमरा नं.-10 केरोट,1,दिनेश गुर्जर,Dinesh Gurjar,पिता,हरदेव गुर्जर,15,34,M,RJ/05/100157,1
GP05,कैरोट,5,कैरोट,69,राजकीय उच्च माध्यमिक विद्यालय कमरा नं.-10 केरोट,2,सुशीला गुर्जर,Sushila Gurjar,पति,दिनेश गुर्जर,16,31,F,RJ/05/100158,1
GP05,कैरोट,5,कैरोट,69,राजकीय उच्च माध्यमिक विद्यालय कमरा नं.-10 केरोट,3,भागचंद रेगर,Bhagchand Regar,पिता,लादू राम,15,47,M,RJ/05/100159,1
GP05,कैरोट,6,कैरोट,70,राजकीय उच्च माध्यमिक विद्यालय कमरा नं.-11 केरोट,1,भागचंद रेगर,Bhagchand Regar,पिता,लादू राम,18,47,M,RJ/05/100160,1
GP05,कैरोट,6,कैरोट,70,राजकीय उच्च माध्यमिक विद्यालय कमरा नं.-11 केरोट,2,प्रेम देवी,Prem Devi,पति,भागचंद रेगर,19,44,F,RJ/05/100161,1
GP05,कैरोट,6,कैरोट,70,राजकीय उच्च माध्यमिक विद्यालय कमरा नं.-11 केरोट,3,मुकेश जाट,Mukesh Jat,पिता,रामदेव,18,29,M,RJ/05/100162,1
GP05,कैरोट,7,कादोलाई,71,राजकीय उच्च माध्यमिक विद्यालय कमरा नं.-12 केरोट,1,मुकेश जाट,Mukesh Jat,पिता,रामदेव,21,29,M,RJ/05/100163,1
GP05,कैरोट,7,कादोलाई,71,राजकीय उच्च माध्यमिक विद्यालय कमरा नं.-12 केरोट,2,ममता जाट,Mamta Jat,पति,मुकेश जाट,22,27,F,RJ/05/100164,1
GP05,कैरोट,7,कादोलाई,71,राजकीय उच्च माध्यमिक विद्यालय कमरा नं.-12 केरोट,3,शांति लाल जैन,Shanti Lal Jain,पिता,शान्ति स्वरूप,21,63,M,RJ/05/100165,1
GP05,कैरोट,8,जैतपुरा,72,राजकीय उच्च माध्यमिक विद्यालय कमरा नं.-14 केरोट,1,शांति लाल जैन,Shanti Lal Jain,पिता,शान्ति स्वरूप,24,63,M,RJ/05/100166,1
GP05,कैरोट,8,जैतपुरा,72,राजकीय उच्च माध्यमिक विद्यालय कमरा नं.-14 केरोट,2,सविता जैन,Savita Jain,पति,शांति लाल जैन,25,59,F,RJ/05/100167,1
GP05,कैरोट,8,जैतपुरा,72,राजकीय उच्च माध्यमिक विद्यालय कमरा नं.-14 केरोट,3,राजेंद्र शर्मा,Rajendra Sharma,पिता,कल्याण सहाय,24,50,M,RJ/05/100168,1
GP05,कैरोट,9,जैतपुरा,69,राजकीय उच्च माध्यमिक विद्यालय कमरा नं.-10 केरोट,1,राजेंद्र शर्मा,Rajendra Sharma,पिता,कल्याण सहाय,27,50,M,RJ/05/100169,1
GP05,कैरोट,9,जैतपुरा,69,राजकीय उच्च माध्यमिक विद्यालय कमरा नं.-10 केरोट,2,सुनीता शर्मा,Sunita Sharma,पति,राजेंद्र शर्मा,28,46,F,RJ/05/100170,1
GP05,कैरोट,9,जैतपुरा,69,राजकीय उच्च माध्यमिक विद्यालय कमरा नं.-10 केरोट,3,रामेश्वर लाल,Rameshwar Lal,पिता,सुखदेव जी,27,45,M,RJ/05/100171,1
GP05,कैरोट,10,जैतपुरा,70,राजकीय उच्च माध्यमिक विद्यालय कमरा नं.-11 केरोट,1,रामेश्वर लाल,Rameshwar Lal,पिता,सुखदेव जी,30,45,M,RJ/05/100172,1
GP05,कैरोट,10,जैतपुरा,70,राजकीय उच्च माध्यमिक विद्यालय कमरा नं.-11 केरोट,2,कौशल्या देवी,Kaushalya Devi,पति,रामेश्वर लाल,31,41,F,RJ/05/100173,1
GP05,कैरोट,10,जैतपुरा,70,राजकीय उच्च माध्यमिक विद्यालय कमरा नं.-11 केरोट,3,सुरेश कुमार,Suresh Kumar,पिता,रामेश्वर लाल,30,22,M,RJ/05/100174,1
GP05,कैरोट,11,जैतपुरा,71,राजकीय उच्च माध्यमिक विद्यालय कमरा नं.-12 केरोट,1,सुरेश कुमार,Suresh Kumar,पिता,रामेश्वर लाल,33,22,M,RJ/05/100175,1
GP05,कैरोट,11,जैतपुरा,71,राजकीय उच्च माध्यमिक विद्यालय कमरा नं.-12 केरोट,2,मंजू देवी,Manju Devi,पति,सुरेश कुमार,34,21,F,RJ/05/100176,1
GP05,कैरोट,11,जैतपुरा,71,राजकीय उच्च माध्यमिक विद्यालय कमरा नं.-12 केरोट,3,गोपाल वैष्णव,Gopal Vaishnav,पिता,मदन लाल,33,38,M,RJ/05/100177,1
GP06,खेड़ी आंशिक,1,खेड़ी,73,राजकीय उच्च माध्यमिक विद्यालय कमरा नं.-08 खेड़ी,1,सुरेश कुमार,Suresh Kumar,पिता,रामेश्वर लाल,3,22,M,RJ/06/100178,1
GP06,खेड़ी आंशिक,1,खेड़ी,73,राजकीय उच्च माध्यमिक विद्यालय कमरा नं.-08 खेड़ी,2,मंजू देवी,Manju Devi,पति,सुरेश कुमार,4,21,F,RJ/06/100179,1
GP06,खेड़ी आंशिक,1,खेड़ी,73,राजकीय उच्च माध्यमिक विद्यालय कमरा नं.-08 खेड़ी,3,गोपाल वैष्णव,Gopal Vaishnav,पिता,मदन लाल,3,38,M,RJ/06/100180,1
GP06,खेड़ी आंशिक,2,खेड़ी,74,राजकीय उच्च माध्यमिक विद्यालय कमरा नं.-09 खेड़ी,1,गोपाल वैष्णव,Gopal Vaishnav,पिता,मदन लाल,6,38,M,RJ/06/100181,1
GP06,खेड़ी आंशिक,2,खेड़ी,74,राजकीय उच्च माध्यमिक विद्यालय कमरा नं.-09 खेड़ी,2,अनिता वैष्णव,Anita Vaishnav,पति,गोपाल वैष्णव,7,35,F,RJ/06/100182,1
GP06,खेड़ी आंशिक,2,खेड़ी,74,राजकीय उच्च माध्यमिक विद्यालय कमरा नं.-09 खेड़ी,3,कैलाश चंद,Kailash Chand,पिता,रूघनाथ राम,6,52,M,RJ/06/100183,1
GP06,खेड़ी आंशिक,3,खेड़ी,75,राजकीय उच्च माध्यमिक विद्यालय कमरा नं.-10 खेड़ी,1,कैलाश चंद,Kailash Chand,पिता,रूघनाथ राम,9,52,M,RJ/06/100184,1
GP06,खेड़ी आंशिक,3,खेड़ी,75,राजकीय उच्च माध्यमिक विद्यालय कमरा नं.-10 खेड़ी,2,कमला देवी,Kamla Devi,पति,कैलाश चंद,10,48,F,RJ/06/100185,1
GP06,खेड़ी आंशिक,3,खेड़ी,75,राजकीय उच्च माध्यमिक विद्यालय कमरा नं.-10 खेड़ी,3,राकेश चौधरी,Rakesh Choudhary,पिता,कैलाश चंद,9,26,M,RJ/06/100186,1
GP06,खेड़ी आंशिक,4,खेड़ी,76,राजकीय उच्च माध्यमिक विद्यालय कमरा नं.-11 खेड़ी,1,राकेश चौधरी,Rakesh Choudhary,पिता,कैलाश चंद,12,26,M,RJ/06/100187,1
GP06,खेड़ी आंशिक,4,खेड़ी,76,राजकीय उच्च माध्यमिक विद्यालय कमरा नं.-11 खेड़ी,2,पूजा चौधरी,Pooja Choudhary,पति,राकेश चौधरी,13,24,F,RJ/06/100188,1
GP06,खेड़ी आंशिक,4,खेड़ी,76,राजकीय उच्च माध्यमिक विद्यालय कमरा नं.-11 खेड़ी,3,दिनेश गुर्जर,Dinesh Gurjar,पिता,हरदेव गुर्जर,12,34,M,RJ/06/100189,1
GP06,खेड़ी आंशिक,5,खेड़ी,73,राजकीय उच्च माध्यमिक विद्यालय कमरा नं.-08 खेड़ी,1,दिनेश गुर्जर,Dinesh Gurjar,पिता,हरदेव गुर्जर,15,34,M,RJ/06/100190,1
GP06,खेड़ी आंशिक,5,खेड़ी,73,राजकीय उच्च माध्यमिक विद्यालय कमरा नं.-08 खेड़ी,2,सुशीला गुर्जर,Sushila Gurjar,पति,दिनेश गुर्जर,16,31,F,RJ/06/100191,1
GP06,खेड़ी आंशिक,5,खेड़ी,73,राजकीय उच्च माध्यमिक विद्यालय कमरा नं.-08 खेड़ी,3,भागचंद रेगर,Bhagchand Regar,पिता,लादू राम,15,47,M,RJ/06/100192,1
GP06,खेड़ी आंशिक,6,गोवलिया,74,राजकीय उच्च माध्यमिक विद्यालय कमरा नं.-09 खेड़ी,1,भागचंद रेगर,Bhagchand Regar,पिता,लादू राम,18,47,M,RJ/06/100193,1
GP06,खेड़ी आंशिक,6,गोवलिया,74,राजकीय उच्च माध्यमिक विद्यालय कमरा नं.-09 खेड़ी,2,प्रेम देवी,Prem Devi,पति,भागचंद रेगर,19,44,F,RJ/06/100194,1
GP06,खेड़ी आंशिक,6,गोवलिया,74,राजकीय उच्च माध्यमिक विद्यालय कमरा नं.-09 खेड़ी,3,मुकेश जाट,Mukesh Jat,पिता,रामदेव,18,29,M,RJ/06/100195,1
GP06,खेड़ी आंशिक,7,गोवलिया,75,राजकीय उच्च माध्यमिक विद्यालय कमरा नं.-10 खेड़ी,1,मुकेश जाट,Mukesh Jat,पिता,रामदेव,21,29,M,RJ/06/100196,1
GP06,खेड़ी आंशिक,7,गोवलिया,75,राजकीय उच्च माध्यमिक विद्यालय कमरा नं.-10 खेड़ी,2,ममता जाट,Mamta Jat,पति,मुकेश जाट,22,27,F,RJ/06/100197,1
GP06,खेड़ी आंशिक,7,गोवलिया,75,राजकीय उच्च माध्यमिक विद्यालय कमरा नं.-10 खेड़ी,3,शांति लाल जैन,Shanti Lal Jain,पिता,शान्ति स्वरूप,21,63,M,RJ/06/100198,1
GP06,खेड़ी आंशिक,8,गोवलिया,76,राजकीय उच्च माध्यमिक विद्यालय कमरा नं.-11 खेड़ी,1,शांति लाल जैन,Shanti Lal Jain,पिता,शान्ति स्वरूप,24,63,M,RJ/06/100199,1
GP06,खेड़ी आंशिक,8,गोवलिया,76,राजकीय उच्च माध्यमिक विद्यालय कमरा नं.-11 खेड़ी,2,सविता जैन,Savita Jain,पति,शांति लाल जैन,25,59,F,RJ/06/100200,1
GP06,खेड़ी आंशिक,8,गोवलिया,76,राजकीय उच्च माध्यमिक विद्यालय कमरा नं.-11 खेड़ी,3,राजेंद्र शर्मा,Rajendra Sharma,पिता,कल्याण सहाय,24,50,M,RJ/06/100201,1
GP06,खेड़ी आंशिक,9,गोवलिया,73,राजकीय उच्च माध्यमिक विद्यालय कमरा नं.-08 खेड़ी,1,राजेंद्र शर्मा,Rajendra Sharma,पिता,कल्याण सहाय,27,50,M,RJ/06/100202,1
GP06,खेड़ी आंशिक,9,गोवलिया,73,राजकीय उच्च माध्यमिक विद्यालय कमरा नं.-08 खेड़ी,2,सुनीता शर्मा,Sunita Sharma,पति,राजेंद्र शर्मा,28,46,F,RJ/06/100203,1
GP06,खेड़ी आंशिक,9,गोवलिया,73,राजकीय उच्च माध्यमिक विद्यालय कमरा नं.-08 खेड़ी,3,रामेश्वर लाल,Rameshwar Lal,पिता,सुखदेव जी,27,45,M,RJ/06/100204,1
GP06,खेड़ी आंशिक,10,प्रतापपुरा,74,राजकीय उच्च माध्यमिक विद्यालय कमरा नं.-09 खेड़ी,1,रामेश्वर लाल,Rameshwar Lal,पिता,सुखदेव जी,30,45,M,RJ/06/100205,1
GP06,खेड़ी आंशिक,10,प्रतापपुरा,74,राजकीय उच्च माध्यमिक विद्यालय कमरा नं.-09 खेड़ी,2,कौशल्या देवी,Kaushalya Devi,पति,रामेश्वर लाल,31,41,F,RJ/06/100206,1
GP06,खेड़ी आंशिक,10,प्रतापपुरा,74,राजकीय उच्च माध्यमिक विद्यालय कमरा नं.-09 खेड़ी,3,सुरेश कुमार,Suresh Kumar,पिता,रामेश्वर लाल,30,22,M,RJ/06/100207,1
GP06,खेड़ी आंशिक,11,प्रतापपुरा,75,राजकीय उच्च माध्यमिक विद्यालय कमरा नं.-10 खेड़ी,1,सुरेश कुमार,Suresh Kumar,पिता,रामेश्वर लाल,33,22,M,RJ/06/100208,1
GP06,खेड़ी आंशिक,11,प्रतापपुरा,75,राजकीय उच्च माध्यमिक विद्यालय कमरा नं.-10 खेड़ी,2,मंजू देवी,Manju Devi,पति,सुरेश कुमार,34,21,F,RJ/06/100209,1
GP06,खेड़ी आंशिक,11,प्रतापपुरा,75,राजकीय उच्च माध्यमिक विद्यालय कमरा नं.-10 खेड़ी,3,गोपाल वैष्णव,Gopal Vaishnav,पिता,मदन लाल,33,38,M,RJ/06/100210,1
GP07,गुढ़ाखुर्द,1,पांडोलाई,57,राजकीय उच्च माध्यमिक विद्यालय कमरा नं.-01 गुढ़ाखुर्द,1,सुरेश कुमार,Suresh Kumar,पिता,रामेश्वर लाल,3,22,M,RJ/07/100211,1
GP07,गुढ़ाखुर्द,1,पांडोलाई,57,राजकीय उच्च माध्यमिक विद्यालय कमरा नं.-01 गुढ़ाखुर्द,2,मंजू देवी,Manju Devi,पति,सुरेश कुमार,4,21,F,RJ/07/100212,1
GP07,गुढ़ाखुर्द,1,पांडोलाई,57,राजकीय उच्च माध्यमिक विद्यालय कमरा नं.-01 गुढ़ाखुर्द,3,गोपाल वैष्णव,Gopal Vaishnav,पिता,मदन लाल,3,38,M,RJ/07/100213,1
GP07,गुढ़ाखुर्द,2,पांडोलाई,58,राजकीय उच्च माध्यमिक विद्यालय कमरा नं.-03 गुढ़ाखुर्द,1,गोपाल वैष्णव,Gopal Vaishnav,पिता,मदन लाल,6,38,M,RJ/07/100214,1
GP07,गुढ़ाखुर्द,2,पांडोलाई,58,राजकीय उच्च माध्यमिक विद्यालय कमरा नं.-03 गुढ़ाखुर्द,2,अनिता वैष्णव,Anita Vaishnav,पति,गोपाल वैष्णव,7,35,F,RJ/07/100215,1
GP07,गुढ़ाखुर्द,2,पांडोलाई,58,राजकीय उच्च माध्यमिक विद्यालय कमरा नं.-03 गुढ़ाखुर्द,3,कैलाश चंद,Kailash Chand,पिता,रूघनाथ राम,6,52,M,RJ/07/100216,1
GP07,गुढ़ाखुर्द,3,इन्द्रपुरा,59,राजकीय उच्च माध्यमिक विद्यालय कमरा नं.-06 गुढ़ाखुर्द,1,कैलाश चंद,Kailash Chand,पिता,रूघनाथ राम,9,52,M,RJ/07/100217,1
GP07,गुढ़ाखुर्द,3,इन्द्रपुरा,59,राजकीय उच्च माध्यमिक विद्यालय कमरा नं.-06 गुढ़ाखुर्द,2,कमला देवी,Kamla Devi,पति,कैलाश चंद,10,48,F,RJ/07/100218,1
GP07,गुढ़ाखुर्द,3,इन्द्रपुरा,59,राजकीय उच्च माध्यमिक विद्यालय कमरा नं.-06 गुढ़ाखुर्द,3,राकेश चौधरी,Rakesh Choudhary,पिता,कैलाश चंद,9,26,M,RJ/07/100219,1
GP07,गुढ़ाखुर्द,4,गुढ़ाखुर्द,60,राजकीय उच्च माध्यमिक विद्यालय कमरा नं.-07 गुढ़ाखुर्द,1,राकेश चौधरी,Rakesh Choudhary,पिता,कैलाश चंद,12,26,M,RJ/07/100220,1
GP07,गुढ़ाखुर्द,4,गुढ़ाखुर्द,60,राजकीय उच्च माध्यमिक विद्यालय कमरा नं.-07 गुढ़ाखुर्द,2,पूजा चौधरी,Pooja Choudhary,पति,राकेश चौधरी,13,24,F,RJ/07/100221,1
GP07,गुढ़ाखुर्द,4,गुढ़ाखुर्द,60,राजकीय उच्च माध्यमिक विद्यालय कमरा नं.-07 गुढ़ाखुर्द,3,दिनेश गुर्जर,Dinesh Gurjar,पिता,हरदेव गुर्जर,12,34,M,RJ/07/100222,1
GP07,गुढ़ाखुर्द,5,गुढ़ाखुर्द,57,राजकीय उच्च माध्यमिक विद्यालय कमरा नं.-01 गुढ़ाखुर्द,1,दिनेश गुर्जर,Dinesh Gurjar,पिता,हरदेव गुर्जर,15,34,M,RJ/07/100223,1
GP07,गुढ़ाखुर्द,5,गुढ़ाखुर्द,57,राजकीय उच्च माध्यमिक विद्यालय कमरा नं.-01 गुढ़ाखुर्द,2,सुशीला गुर्जर,Sushila Gurjar,पति,दिनेश गुर्जर,16,31,F,RJ/07/100224,1
GP07,गुढ़ाखुर्द,5,गुढ़ाखुर्द,57,राजकीय उच्च माध्यमिक विद्यालय कमरा नं.-01 गुढ़ाखुर्द,3,भागचंद रेगर,Bhagchand Regar,पिता,लादू राम,15,47,M,RJ/07/100225,1
GP07,गुढ़ाखुर्द,6,गुढ़ाखुर्द,58,राजकीय उच्च माध्यमिक विद्यालय कमरा नं.-03 गुढ़ाखुर्द,1,भागचंद रेगर,Bhagchand Regar,पिता,लादू राम,18,47,M,RJ/07/100226,1
GP07,गुढ़ाखुर्द,6,गुढ़ाखुर्द,58,राजकीय उच्च माध्यमिक विद्यालय कमरा नं.-03 गुढ़ाखुर्द,2,प्रेम देवी,Prem Devi,पति,भागचंद रेगर,19,44,F,RJ/07/100227,1
GP07,गुढ़ाखुर्द,6,गुढ़ाखुर्द,58,राजकीय उच्च माध्यमिक विद्यालय कमरा नं.-03 गुढ़ाखुर्द,3,मुकेश जाट,Mukesh Jat,पिता,रामदेव,18,29,M,RJ/07/100228,1
GP07,गुढ़ाखुर्द,7,गुढ़ाखुर्द,59,राजकीय उच्च माध्यमिक विद्यालय कमरा नं.-06 गुढ़ाखुर्द,1,मुकेश जाट,Mukesh Jat,पिता,रामदेव,21,29,M,RJ/07/100229,1
GP07,गुढ़ाखुर्द,7,गुढ़ाखुर्द,59,राजकीय उच्च माध्यमिक विद्यालय कमरा नं.-06 गुढ़ाखुर्द,2,ममता जाट,Mamta Jat,पति,मुकेश जाट,22,27,F,RJ/07/100230,1
GP07,गुढ़ाखुर्द,7,गुढ़ाखुर्द,59,राजकीय उच्च माध्यमिक विद्यालय कमरा नं.-06 गुढ़ाखुर्द,3,शांति लाल जैन,Shanti Lal Jain,पिता,शान्ति स्वरूप,21,63,M,RJ/07/100231,1
GP07,गुढ़ाखुर्द,8,गुढ़ाकलां,60,राजकीय उच्च माध्यमिक विद्यालय कमरा नं.-07 गुढ़ाखुर्द,1,शांति लाल जैन,Shanti Lal Jain,पिता,शान्ति स्वरूप,24,63,M,RJ/07/100232,1
GP07,गुढ़ाखुर्द,8,गुढ़ाकलां,60,राजकीय उच्च माध्यमिक विद्यालय कमरा नं.-07 गुढ़ाखुर्द,2,सविता जैन,Savita Jain,पति,शांति लाल जैन,25,59,F,RJ/07/100233,1
GP07,गुढ़ाखुर्द,8,गुढ़ाकलां,60,राजकीय उच्च माध्यमिक विद्यालय कमरा नं.-07 गुढ़ाखुर्द,3,राजेंद्र शर्मा,Rajendra Sharma,पिता,कल्याण सहाय,24,50,M,RJ/07/100234,1
GP07,गुढ़ाखुर्द,9,गुढ़ाकलां,57,राजकीय उच्च माध्यमिक विद्यालय कमरा नं.-01 गुढ़ाखुर्द,1,राजेंद्र शर्मा,Rajendra Sharma,पिता,कल्याण सहाय,27,50,M,RJ/07/100235,1
GP07,गुढ़ाखुर्द,9,गुढ़ाकलां,57,राजकीय उच्च माध्यमिक विद्यालय कमरा नं.-01 गुढ़ाखुर्द,2,सुनीता शर्मा,Sunita Sharma,पति,राजेंद्र शर्मा,28,46,F,RJ/07/100236,1
GP07,गुढ़ाखुर्द,9,गुढ़ाकलां,57,राजकीय उच्च माध्यमिक विद्यालय कमरा नं.-01 गुढ़ाखुर्द,3,रामेश्वर लाल,Rameshwar Lal,पिता,सुखदेव जी,27,45,M,RJ/07/100237,1
GP07,गुढ़ाखुर्द,10,गुढ़ाकलां,58,राजकीय उच्च माध्यमिक विद्यालय कमरा नं.-03 गुढ़ाखुर्द,1,रामेश्वर लाल,Rameshwar Lal,पिता,सुखदेव जी,30,45,M,RJ/07/100238,1
GP07,गुढ़ाखुर्द,10,गुढ़ाकलां,58,राजकीय उच्च माध्यमिक विद्यालय कमरा नं.-03 गुढ़ाखुर्द,2,कौशल्या देवी,Kaushalya Devi,पति,रामेश्वर लाल,31,41,F,RJ/07/100239,1
GP07,गुढ़ाखुर्द,10,गुढ़ाकलां,58,राजकीय उच्च माध्यमिक विद्यालय कमरा नं.-03 गुढ़ाखुर्द,3,सुरेश कुमार,Suresh Kumar,पिता,रामेश्वर लाल,30,22,M,RJ/07/100240,1
GP07,गुढ़ाखुर्द,11,गुढ़ाकलां,59,राजकीय उच्च माध्यमिक विद्यालय कमरा नं.-06 गुढ़ाखुर्द,1,सुरेश कुमार,Suresh Kumar,पिता,रामेश्वर लाल,33,22,M,RJ/07/100241,1
GP07,गुढ़ाखुर्द,11,गुढ़ाकलां,59,राजकीय उच्च माध्यमिक विद्यालय कमरा नं.-06 गुढ़ाखुर्द,2,मंजू देवी,Manju Devi,पति,सुरेश कुमार,34,21,F,RJ/07/100242,1
GP07,गुढ़ाखुर्द,11,गुढ़ाकलां,59,राजकीय उच्च माध्यमिक विद्यालय कमरा नं.-06 गुढ़ाखुर्द,3,गोपाल वैष्णव,Gopal Vaishnav,पिता,मदन लाल,33,38,M,RJ/07/100243,1
GP08,घणा,1,झबरकिया,54,राजकीय उच्च माध्यमिक विद्यालय कमरा नं.-01 घणा,1,सुरेश कुमार,Suresh Kumar,पिता,रामेश्वर लाल,3,22,M,RJ/08/100244,1
GP08,घणा,1,झबरकिया,54,राजकीय उच्च माध्यमिक विद्यालय कमरा नं.-01 घणा,2,मंजू देवी,Manju Devi,पति,सुरेश कुमार,4,21,F,RJ/08/100245,1
GP08,घणा,1,झबरकिया,54,राजकीय उच्च माध्यमिक विद्यालय कमरा नं.-01 घणा,3,गोपाल वैष्णव,Gopal Vaishnav,पिता,मदन लाल,3,38,M,RJ/08/100246,1
GP08,घणा,2,झबरकिया,55,राजकीय उच्च माध्यमिक विद्यालय कमरा नं.-02 घणा,1,गोपाल वैष्णव,Gopal Vaishnav,पिता,मदन लाल,6,38,M,RJ/08/100247,1
GP08,घणा,2,झबरकिया,55,राजकीय उच्च माध्यमिक विद्यालय कमरा नं.-02 घणा,2,अनिता वैष्णव,Anita Vaishnav,पति,गोपाल वैष्णव,7,35,F,RJ/08/100248,1
GP08,घणा,2,झबरकिया,55,राजकीय उच्च माध्यमिक विद्यालय कमरा नं.-02 घणा,3,कैलाश चंद,Kailash Chand,पिता,रूघनाथ राम,6,52,M,RJ/08/100249,1
GP08,घणा,3,घणा,56,राजकीय उच्च माध्यमिक विद्यालय कमरा नं.-03 घणा,1,कैलाश चंद,Kailash Chand,पिता,रूघनाथ राम,9,52,M,RJ/08/100250,1
GP08,घणा,3,घणा,56,राजकीय उच्च माध्यमिक विद्यालय कमरा नं.-03 घणा,2,कमला देवी,Kamla Devi,पति,कैलाश चंद,10,48,F,RJ/08/100251,1
GP08,घणा,3,घणा,56,राजकीय उच्च माध्यमिक विद्यालय कमरा नं.-03 घणा,3,राकेश चौधरी,Rakesh Choudhary,पिता,कैलाश चंद,9,26,M,RJ/08/100252,1
GP08,घणा,4,घणा,54,राजकीय उच्च माध्यमिक विद्यालय कमरा नं.-01 घणा,1,राकेश चौधरी,Rakesh Choudhary,पिता,कैलाश चंद,12,26,M,RJ/08/100253,1
GP08,घणा,4,घणा,54,राजकीय उच्च माध्यमिक विद्यालय कमरा नं.-01 घणा,2,पूजा चौधरी,Pooja Choudhary,पति,राकेश चौधरी,13,24,F,RJ/08/100254,1
GP08,घणा,4,घणा,54,राजकीय उच्च माध्यमिक विद्यालय कमरा नं.-01 घणा,3,दिनेश गुर्जर,Dinesh Gurjar,पिता,हरदेव गुर्जर,12,34,M,RJ/08/100255,1
GP08,घणा,5,घणा,55,राजकीय उच्च माध्यमिक विद्यालय कमरा नं.-02 घणा,1,दिनेश गुर्जर,Dinesh Gurjar,पिता,हरदेव गुर्जर,15,34,M,RJ/08/100256,1
GP08,घणा,5,घणा,55,राजकीय उच्च माध्यमिक विद्यालय कमरा नं.-02 घणा,2,सुशीला गुर्जर,Sushila Gurjar,पति,दिनेश गुर्जर,16,31,F,RJ/08/100257,1
GP08,घणा,5,घणा,55,राजकीय उच्च माध्यमिक विद्यालय कमरा नं.-02 घणा,3,भागचंद रेगर,Bhagchand Regar,पिता,लादू राम,15,47,M,RJ/08/100258,1
GP08,घणा,6,भेरुखेडा,56,राजकीय उच्च माध्यमिक विद्यालय कमरा नं.-03 घणा,1,भागचंद रेगर,Bhagchand Regar,पिता,लादू राम,18,47,M,RJ/08/100259,1
GP08,घणा,6,भेरुखेडा,56,राजकीय उच्च माध्यमिक विद्यालय कमरा नं.-03 घणा,2,प्रेम देवी,Prem Devi,पति,भागचंद रेगर,19,44,F,RJ/08/100260,1
GP08,घणा,6,भेरुखेडा,56,राजकीय उच्च माध्यमिक विद्यालय कमरा नं.-03 घणा,3,मुकेश जाट,Mukesh Jat,पिता,रामदेव,18,29,M,RJ/08/100261,1
GP08,घणा,7,उदयपुर खेडा,54,राजकीय उच्च माध्यमिक विद्यालय कमरा नं.-01 घणा,1,मुकेश जाट,Mukesh Jat,पिता,रामदेव,21,29,M,RJ/08/100262,1
GP08,घणा,7,उदयपुर खेडा,54,राजकीय उच्च माध्यमिक विद्यालय कमरा नं.-01 घणा,2,ममता जाट,Mamta Jat,पति,मुकेश जाट,22,27,F,RJ/08/100263,1
GP08,घणा,7,उदयपुर खेडा,54,राजकीय उच्च माध्यमिक विद्यालय कमरा नं.-01 घणा,3,शांति लाल जैन,Shanti Lal Jain,पिता,शान्ति स्वरूप,21,63,M,RJ/08/100264,1
GP09,चापानेरी,1,चापानेरी,30,राजकीय उच्च माध्यमिक विद्यालय कमरा नं.-02 चापानेरी,1,सुरेश कुमार,Suresh Kumar,पिता,रामेश्वर लाल,3,22,M,RJ/09/100265,1
GP09,चापानेरी,1,चापानेरी,30,राजकीय उच्च माध्यमिक विद्यालय कमरा नं.-02 चापानेरी,2,मंजू देवी,Manju Devi,पति,सुरेश कुमार,4,21,F,RJ/09/100266,1
GP09,चापानेरी,1,चापानेरी,30,राजकीय उच्च माध्यमिक विद्यालय कमरा नं.-02 चापानेरी,3,गोपाल वैष्णव,Gopal Vaishnav,पिता,मदन लाल,3,38,M,RJ/09/100267,1
GP09,चापानेरी,2,चापानेरी,31,राजकीय उच्च माध्यमिक विद्यालय कमरा नं.-03 चापानेरी,1,गोपाल वैष्णव,Gopal Vaishnav,पिता,मदन लाल,6,38,M,RJ/09/100268,1
GP09,चापानेरी,2,चापानेरी,31,राजकीय उच्च माध्यमिक विद्यालय कमरा नं.-03 चापानेरी,2,अनिता वैष्णव,Anita Vaishnav,पति,गोपाल वैष्णव,7,35,F,RJ/09/100269,1
GP09,चापानेरी,2,चापानेरी,31,राजकीय उच्च माध्यमिक विद्यालय कमरा नं.-03 चापानेरी,3,कैलाश चंद,Kailash Chand,पिता,रूघनाथ राम,6,52,M,RJ/09/100270,1
GP09,चापानेरी,3,चापानेरी,32,राजकीय उच्च माध्यमिक विद्यालय कमरा नं.-04 चापानेरी,1,कैलाश चंद,Kailash Chand,पिता,रूघनाथ राम,9,52,M,RJ/09/100271,1
GP09,चापानेरी,3,चापानेरी,32,राजकीय उच्च माध्यमिक विद्यालय कमरा नं.-04 चापानेरी,2,कमला देवी,Kamla Devi,पति,कैलाश चंद,10,48,F,RJ/09/100272,1
GP09,चापानेरी,3,चापानेरी,32,राजकीय उच्च माध्यमिक विद्यालय कमरा नं.-04 चापानेरी,3,राकेश चौधरी,Rakesh Choudhary,पिता,कैलाश चंद,9,26,M,RJ/09/100273,1
GP09,चापानेरी,4,चापानेरी,33,राजकीय उच्च माध्यमिक विद्यालय कमरा नं.-05 चापानेरी,1,राकेश चौधरी,Rakesh Choudhary,पिता,कैलाश चंद,12,26,M,RJ/09/100274,1
GP09,चापानेरी,4,चापानेरी,33,राजकीय उच्च माध्यमिक विद्यालय कमरा नं.-05 चापानेरी,2,पूजा चौधरी,Pooja Choudhary,पति,राकेश चौधरी,13,24,F,RJ/09/100275,1
GP09,चापानेरी,4,चापानेरी,33,राजकीय उच्च माध्यमिक विद्यालय कमरा नं.-05 चापानेरी,3,दिनेश गुर्जर,Dinesh Gurjar,पिता,हरदेव गुर्जर,12,34,M,RJ/09/100276,1
GP09,चापानेरी,5,चापानेरी,30,राजकीय उच्च माध्यमिक विद्यालय कमरा नं.-02 चापानेरी,1,दिनेश गुर्जर,Dinesh Gurjar,पिता,हरदेव गुर्जर,15,34,M,RJ/09/100277,1
GP09,चापानेरी,5,चापानेरी,30,राजकीय उच्च माध्यमिक विद्यालय कमरा नं.-02 चापानेरी,2,सुशीला गुर्जर,Sushila Gurjar,पति,दिनेश गुर्जर,16,31,F,RJ/09/100278,1
GP09,चापानेरी,5,चापानेरी,30,राजकीय उच्च माध्यमिक विद्यालय कमरा नं.-02 चापानेरी,3,भागचंद रेगर,Bhagchand Regar,पिता,लादू राम,15,47,M,RJ/09/100279,1
GP09,चापानेरी,6,चापानेरी,31,राजकीय उच्च माध्यमिक विद्यालय कमरा नं.-03 चापानेरी,1,भागचंद रेगर,Bhagchand Regar,पिता,लादू राम,18,47,M,RJ/09/100280,1
GP09,चापानेरी,6,चापानेरी,31,राजकीय उच्च माध्यमिक विद्यालय कमरा नं.-03 चापानेरी,2,प्रेम देवी,Prem Devi,पति,भागचंद रेगर,19,44,F,RJ/09/100281,1
GP09,चापानेरी,6,चापानेरी,31,राजकीय उच्च माध्यमिक विद्यालय कमरा नं.-03 चापानेरी,3,मुकेश जाट,Mukesh Jat,पिता,रामदेव,18,29,M,RJ/09/100282,1
GP09,चापानेरी,7,चापानेरी,32,राजकीय उच्च माध्यमिक विद्यालय कमरा नं.-04 चापानेरी,1,मुकेश जाट,Mukesh Jat,पिता,रामदेव,21,29,M,RJ/09/100283,1
GP09,चापानेरी,7,चापानेरी,32,राजकीय उच्च माध्यमिक विद्यालय कमरा नं.-04 चापानेरी,2,ममता जाट,Mamta Jat,पति,मुकेश जाट,22,27,F,RJ/09/100284,1
GP09,चापानेरी,7,चापानेरी,32,राजकीय उच्च माध्यमिक विद्यालय कमरा नं.-04 चापानेरी,3,शांति लाल जैन,Shanti Lal Jain,पिता,शान्ति स्वरूप,21,63,M,RJ/09/100285,1
GP09,चापानेरी,8,चापानेरी,33,राजकीय उच्च माध्यमिक विद्यालय कमरा नं.-05 चापानेरी,1,शांति लाल जैन,Shanti Lal Jain,पिता,शान्ति स्वरूप,24,63,M,RJ/09/100286,1
GP09,चापानेरी,8,चापानेरी,33,राजकीय उच्च माध्यमिक विद्यालय कमरा नं.-05 चापानेरी,2,सविता जैन,Savita Jain,पति,शांति लाल जैन,25,59,F,RJ/09/100287,1
GP09,चापानेरी,8,चापानेरी,33,राजकीय उच्च माध्यमिक विद्यालय कमरा नं.-05 चापानेरी,3,राजेंद्र शर्मा,Rajendra Sharma,पिता,कल्याण सहाय,24,50,M,RJ/09/100288,1
GP09,चापानेरी,9,चापानेरी,30,राजकीय उच्च माध्यमिक विद्यालय कमरा नं.-02 चापानेरी,1,राजेंद्र शर्मा,Rajendra Sharma,पिता,कल्याण सहाय,27,50,M,RJ/09/100289,1
GP09,चापानेरी,9,चापानेरी,30,राजकीय उच्च माध्यमिक विद्यालय कमरा नं.-02 चापानेरी,2,सुनीता शर्मा,Sunita Sharma,पति,राजेंद्र शर्मा,28,46,F,RJ/09/100290,1
GP09,चापानेरी,9,चापानेरी,30,राजकीय उच्च माध्यमिक विद्यालय कमरा नं.-02 चापानेरी,3,रामेश्वर लाल,Rameshwar Lal,पिता,सुखदेव जी,27,45,M,RJ/09/100291,1
GP09,चापानेरी,10,चापानेरी,31,राजकीय उच्च माध्यमिक विद्यालय कमरा नं.-03 चापानेरी,1,रामेश्वर लाल,Rameshwar Lal,पिता,सुखदेव जी,30,45,M,RJ/09/100292,1
GP09,चापानेरी,10,चापानेरी,31,राजकीय उच्च माध्यमिक विद्यालय कमरा नं.-03 चापानेरी,2,कौशल्या देवी,Kaushalya Devi,पति,रामेश्वर लाल,31,41,F,RJ/09/100293,1
GP09,चापानेरी,10,चापानेरी,31,राजकीय उच्च माध्यमिक विद्यालय कमरा नं.-03 चापानेरी,3,सुरेश कुमार,Suresh Kumar,पिता,रामेश्वर लाल,30,22,M,RJ/09/100294,1
GP09,चापानेरी,11,चापानेरी,32,राजकीय उच्च माध्यमिक विद्यालय कमरा नं.-04 चापानेरी,1,सुरेश कुमार,Suresh Kumar,पिता,रामेश्वर लाल,33,22,M,RJ/09/100295,1
GP09,चापानेरी,11,चापानेरी,32,राजकीय उच्च माध्यमिक विद्यालय कमरा नं.-04 चापानेरी,2,मंजू देवी,Manju Devi,पति,सुरेश कुमार,34,21,F,RJ/09/100296,1
GP09,चापानेरी,11,चापानेरी,32,राजकीय उच्च माध्यमिक विद्यालय कमरा नं.-04 चापानेरी,3,गोपाल वैष्णव,Gopal Vaishnav,पिता,मदन लाल,33,38,M,RJ/09/100297,1
GP10,छछूंदरा,1,दौलतपुरा,34,राजकीय उच्च माध्यमिक विद्यालय कमरा नं.-03 छ्छुन्दरा,1,सुरेश कुमार,Suresh Kumar,पिता,रामेश्वर लाल,3,22,M,RJ/10/100298,1
GP10,छछूंदरा,1,दौलतपुरा,34,राजकीय उच्च माध्यमिक विद्यालय कमरा नं.-03 छ्छुन्दरा,2,मंजू देवी,Manju Devi,पति,सुरेश कुमार,4,21,F,RJ/10/100299,1
GP10,छछूंदरा,1,दौलतपुरा,34,राजकीय उच्च माध्यमिक विद्यालय कमरा नं.-03 छ्छुन्दरा,3,गोपाल वैष्णव,Gopal Vaishnav,पिता,मदन लाल,3,38,M,RJ/10/100300,1
GP10,छछूंदरा,2,गोरधनपुरा,35,राजकीय उच्च माध्यमिक विद्यालय कमरा नं.-04 छ्छुन्दरा,1,गोपाल वैष्णव,Gopal Vaishnav,पिता,मदन लाल,6,38,M,RJ/10/100301,1
GP10,छछूंदरा,2,गोरधनपुरा,35,राजकीय उच्च माध्यमिक विद्यालय कमरा नं.-04 छ्छुन्दरा,2,अनिता वैष्णव,Anita Vaishnav,पति,गोपाल वैष्णव,7,35,F,RJ/10/100302,1
GP10,छछूंदरा,2,गोरधनपुरा,35,राजकीय उच्च माध्यमिक विद्यालय कमरा नं.-04 छ्छुन्दरा,3,कैलाश चंद,Kailash Chand,पिता,रूघनाथ राम,6,52,M,RJ/10/100303,1
GP10,छछूंदरा,3,जोरावरपुरा,36,राजकीय उच्च माध्यमिक विद्यालय कमरा नं.-07 छ्छुन्दरा,1,कैलाश चंद,Kailash Chand,पिता,रूघनाथ राम,9,52,M,RJ/10/100304,1
GP10,छछूंदरा,3,जोरावरपुरा,36,राजकीय उच्च माध्यमिक विद्यालय कमरा नं.-07 छ्छुन्दरा,2,कमला देवी,Kamla Devi,पति,कैलाश चंद,10,48,F,RJ/10/100305,1
GP10,छछूंदरा,3,जोरावरपुरा,36,राजकीय उच्च माध्यमिक विद्यालय कमरा नं.-07 छ्छुन्दरा,3,राकेश चौधरी,Rakesh Choudhary,पिता,कैलाश चंद,9,26,M,RJ/10/100306,1
GP10,छछूंदरा,4,सरगांव,37,राजकीय उच्च माध्यमिक विद्यालय कमरा नं.-08 छ्छुन्दरा,1,राकेश चौधरी,Rakesh Choudhary,पिता,कैलाश चंद,12,26,M,RJ/10/100307,1
GP10,छछूंदरा,4,सरगांव,37,राजकीय उच्च माध्यमिक विद्यालय कमरा नं.-08 छ्छुन्दरा,2,पूजा चौधरी,Pooja Choudhary,पति,राकेश चौधरी,13,24,F,RJ/10/100308,1
GP10,छछूंदरा,4,सरगांव,37,राजकीय उच्च माध्यमिक विद्यालय कमरा नं.-08 छ्छुन्दरा,3,दिनेश गुर्जर,Dinesh Gurjar,पिता,हरदेव गुर्जर,12,34,M,RJ/10/100309,1
GP10,छछूंदरा,5,सरगांव,34,राजकीय उच्च माध्यमिक विद्यालय कमरा नं.-03 छ्छुन्दरा,1,दिनेश गुर्जर,Dinesh Gurjar,पिता,हरदेव गुर्जर,15,34,M,RJ/10/100310,1
GP10,छछूंदरा,5,सरगांव,34,राजकीय उच्च माध्यमिक विद्यालय कमरा नं.-03 छ्छुन्दरा,2,सुशीला गुर्जर,Sushila Gurjar,पति,दिनेश गुर्जर,16,31,F,RJ/10/100311,1
GP10,छछूंदरा,5,सरगांव,34,राजकीय उच्च माध्यमिक विद्यालय कमरा नं.-03 छ्छुन्दरा,3,भागचंद रेगर,Bhagchand Regar,पिता,लादू राम,15,47,M,RJ/10/100312,1
GP10,छछूंदरा,6,रतनपुरा,35,राजकीय उच्च माध्यमिक विद्यालय कमरा नं.-04 छ्छुन्दरा,1,भागचंद रेगर,Bhagchand Regar,पिता,लादू राम,18,47,M,RJ/10/100313,1
GP10,छछूंदरा,6,रतनपुरा,35,राजकीय उच्च माध्यमिक विद्यालय कमरा नं.-04 छ्छुन्दरा,2,प्रेम देवी,Prem Devi,पति,भागचंद रेगर,19,44,F,RJ/10/100314,1
GP10,छछूंदरा,6,रतनपुरा,35,राजकीय उच्च माध्यमिक विद्यालय कमरा नं.-04 छ्छुन्दरा,3,मुकेश जाट,Mukesh Jat,पिता,रामदेव,18,29,M,RJ/10/100315,1
GP10,छछूंदरा,7,छछून्दरा,36,राजकीय उच्च माध्यमिक विद्यालय कमरा नं.-07 छ्छुन्दरा,1,मुकेश जाट,Mukesh Jat,पिता,रामदेव,21,29,M,RJ/10/100316,1
GP10,छछूंदरा,7,छछून्दरा,36,राजकीय उच्च माध्यमिक विद्यालय कमरा नं.-07 छ्छुन्दरा,2,ममता जाट,Mamta Jat,पति,मुकेश जाट,22,27,F,RJ/10/100317,1
GP10,छछूंदरा,7,छछून्दरा,36,राजकीय उच्च माध्यमिक विद्यालय कमरा नं.-07 छ्छुन्दरा,3,शांति लाल जैन,Shanti Lal Jain,पिता,शान्ति स्वरूप,21,63,M,RJ/10/100318,1
GP10,छछूंदरा,8,छछून्दरा,37,राजकीय उच्च माध्यमिक विद्यालय कमरा नं.-08 छ्छुन्दरा,1,शांति लाल जैन,Shanti Lal Jain,पिता,शान्ति स्वरूप,24,63,M,RJ/10/100319,1
GP10,छछूंदरा,8,छछून्दरा,37,राजकीय उच्च माध्यमिक विद्यालय कमरा नं.-08 छ्छुन्दरा,2,सविता जैन,Savita Jain,पति,शांति लाल जैन,25,59,F,RJ/10/100320,1
GP10,छछूंदरा,8,छछून्दरा,37,राजकीय उच्च माध्यमिक विद्यालय कमरा नं.-08 छ्छुन्दरा,3,राजेंद्र शर्मा,Rajendra Sharma,पिता,कल्याण सहाय,24,50,M,RJ/10/100321,1
GP10,छछूंदरा,9,सेदरिया,34,राजकीय उच्च माध्यमिक विद्यालय कमरा नं.-03 छ्छुन्दरा,1,राजेंद्र शर्मा,Rajendra Sharma,पिता,कल्याण सहाय,27,50,M,RJ/10/100322,1
GP10,छछूंदरा,9,सेदरिया,34,राजकीय उच्च माध्यमिक विद्यालय कमरा नं.-03 छ्छुन्दरा,2,सुनीता शर्मा,Sunita Sharma,पति,राजेंद्र शर्मा,28,46,F,RJ/10/100323,1
GP10,छछूंदरा,9,सेदरिया,34,राजकीय उच्च माध्यमिक विद्यालय कमरा नं.-03 छ्छुन्दरा,3,रामेश्वर लाल,Rameshwar Lal,पिता,सुखदेव जी,27,45,M,RJ/10/100324,1
GP10,छछूंदरा,10,सेदरिया,35,राजकीय उच्च माध्यमिक विद्यालय कमरा नं.-04 छ्छुन्दरा,1,रामेश्वर लाल,Rameshwar Lal,पिता,सुखदेव जी,30,45,M,RJ/10/100325,1
GP10,छछूंदरा,10,सेदरिया,35,राजकीय उच्च माध्यमिक विद्यालय कमरा नं.-04 छ्छुन्दरा,2,कौशल्या देवी,Kaushalya Devi,पति,रामेश्वर लाल,31,41,F,RJ/10/100326,1
GP10,छछूंदरा,10,सेदरिया,35,राजकीय उच्च माध्यमिक विद्यालय कमरा नं.-04 छ्छुन्दरा,3,सुरेश कुमार,Suresh Kumar,पिता,रामेश्वर लाल,30,22,M,RJ/10/100327,1
GP10,छछूंदरा,11,सेदरिया,36,राजकीय उच्च माध्यमिक विद्यालय कमरा नं.-07 छ्छुन्दरा,1,सुरेश कुमार,Suresh Kumar,पिता,रामेश्वर लाल,33,22,M,RJ/10/100328,1
GP10,छछूंदरा,11,सेदरिया,36,राजकीय उच्च माध्यमिक विद्यालय कमरा नं.-07 छ्छुन्दरा,2,मंजू देवी,Manju Devi,पति,सुरेश कुमार,34,21,F,RJ/10/100329,1
GP10,छछूंदरा,11,सेदरिया,36,राजकीय उच्च माध्यमिक विद्यालय कमरा नं.-07 छ्छुन्दरा,3,गोपाल वैष्णव,Gopal Vaishnav,पिता,मदन लाल,33,38,M,RJ/10/100330,1
GP11,देवपुरा,1,रामपुरा,44,राजकीय उच्च माध्यमिक विद्यालय कमरा नं.-02 देवपुरा(देवरिया),1,सुरेश कुमार,Suresh Kumar,पिता,रामेश्वर लाल,3,22,M,RJ/11/100331,1
GP11,देवपुरा,1,रामपुरा,44,राजकीय उच्च माध्यमिक विद्यालय कमरा नं.-02 देवपुरा(देवरिया),2,मंजू देवी,Manju Devi,पति,सुरेश कुमार,4,21,F,RJ/11/100332,1
GP11,देवपुरा,1,रामपुरा,44,राजकीय उच्च माध्यमिक विद्यालय कमरा नं.-02 देवपुरा(देवरिया),3,गोपाल वैष्णव,Gopal Vaishnav,पिता,मदन लाल,3,38,M,RJ/11/100333,1
GP11,देवपुरा,1,रामपुरा,44,राजकीय उच्च माध्यमिक विद्यालय कमरा नं.-02 देवपुरा(देवरिया),4,अनिता वैष्णव,Anita Vaishnav,पति,गोपाल वैष्णव,4,35,F,RJ/11/100334,1
GP11,देवपुरा,1,रामपुरा,44,राजकीय उच्च माध्यमिक विद्यालय कमरा नं.-02 देवपुरा(देवरिया),5,कैलाश चंद,Kailash Chand,पिता,रूघनाथ राम,3,52,M,RJ/11/100335,1
GP11,देवपुरा,2,देवपुरा,45,राजकीय उच्च माध्यमिक विद्यालय कमरा नं.-03 देवपुरा(देवरिया),1,गोपाल वैष्णव,Gopal Vaishnav,पिता,मदन लाल,6,38,M,RJ/11/100336,1
GP11,देवपुरा,2,देवपुरा,45,राजकीय उच्च माध्यमिक विद्यालय कमरा नं.-03 देवपुरा(देवरिया),2,अनिता वैष्णव,Anita Vaishnav,पति,गोपाल वैष्णव,7,35,F,RJ/11/100337,1
GP11,देवपुरा,2,देवपुरा,45,राजकीय उच्च माध्यमिक विद्यालय कमरा नं.-03 देवपुरा(देवरिया),3,कैलाश चंद,Kailash Chand,पिता,रूघनाथ राम,6,52,M,RJ/11/100338,1
GP11,देवपुरा,2,देवपुरा,45,राजकीय उच्च माध्यमिक विद्यालय कमरा नं.-03 देवपुरा(देवरिया),4,कमला देवी,Kamla Devi,पति,कैलाश चंद,7,48,F,RJ/11/100339,1
GP11,देवपुरा,2,देवपुरा,45,राजकीय उच्च माध्यमिक विद्यालय कमरा नं.-03 देवपुरा(देवरिया),5,राकेश चौधरी,Rakesh Choudhary,पिता,कैलाश चंद,6,26,M,RJ/11/100340,1
GP11,देवपुरा,3,देवपुरा,46,राजकीय उच्च माध्यमिक विद्यालय कमरा नं.-05 देवपुरा(देवरिया),1,कैलाश चंद,Kailash Chand,पिता,रूघनाथ राम,9,52,M,RJ/11/100341,1
GP11,देवपुरा,3,देवपुरा,46,राजकीय उच्च माध्यमिक विद्यालय कमरा नं.-05 देवपुरा(देवरिया),2,कमला देवी,Kamla Devi,पति,कैलाश चंद,10,48,F,RJ/11/100342,1
GP11,देवपुरा,3,देवपुरा,46,राजकीय उच्च माध्यमिक विद्यालय कमरा नं.-05 देवपुरा(देवरिया),3,राकेश चौधरी,Rakesh Choudhary,पिता,कैलाश चंद,9,26,M,RJ/11/100343,1
GP11,देवपुरा,3,देवपुरा,46,राजकीय उच्च माध्यमिक विद्यालय कमरा नं.-05 देवपुरा(देवरिया),4,पूजा चौधरी,Pooja Choudhary,पति,राकेश चौधरी,10,24,F,RJ/11/100344,1
GP11,देवपुरा,3,देवपुरा,46,राजकीय उच्च माध्यमिक विद्यालय कमरा नं.-05 देवपुरा(देवरिया),5,दिनेश गुर्जर,Dinesh Gurjar,पिता,हरदेव गुर्जर,9,34,M,RJ/11/100345,1
GP11,देवपुरा,4,देवपुरा,47,राजकीय उच्च माध्यमिक विद्यालय कमरा नं.-07 देवपुरा(देवरिया),1,राकेश चौधरी,Rakesh Choudhary,पिता,कैलाश चंद,12,26,M,RJ/11/100346,1
GP11,देवपुरा,4,देवपुरा,47,राजकीय उच्च माध्यमिक विद्यालय कमरा नं.-07 देवपुरा(देवरिया),2,पूजा चौधरी,Pooja Choudhary,पति,राकेश चौधरी,13,24,F,RJ/11/100347,1
GP11,देवपुरा,4,देवपुरा,47,राजकीय उच्च माध्यमिक विद्यालय कमरा नं.-07 देवपुरा(देवरिया),3,दिनेश गुर्जर,Dinesh Gurjar,पिता,हरदेव गुर्जर,12,34,M,RJ/11/100348,1
GP11,देवपुरा,4,देवपुरा,47,राजकीय उच्च माध्यमिक विद्यालय कमरा नं.-07 देवपुरा(देवरिया),4,सुशीला गुर्जर,Sushila Gurjar,पति,दिनेश गुर्जर,13,31,F,RJ/11/100349,1
GP11,देवपुरा,4,देवपुरा,47,राजकीय उच्च माध्यमिक विद्यालय कमरा नं.-07 देवपुरा(देवरिया),5,भागचंद रेगर,Bhagchand Regar,पिता,लादू राम,12,47,M,RJ/11/100350,1
GP11,देवपुरा,5,गज्जानाड़ी,44,राजकीय उच्च माध्यमिक विद्यालय कमरा नं.-02 देवपुरा(देवरिया),1,दिनेश गुर्जर,Dinesh Gurjar,पिता,हरदेव गुर्जर,15,34,M,RJ/11/100351,1
GP11,देवपुरा,5,गज्जानाड़ी,44,राजकीय उच्च माध्यमिक विद्यालय कमरा नं.-02 देवपुरा(देवरिया),2,सुशीला गुर्जर,Sushila Gurjar,पति,दिनेश गुर्जर,16,31,F,RJ/11/100352,1
GP11,देवपुरा,5,गज्जानाड़ी,44,राजकीय उच्च माध्यमिक विद्यालय कमरा नं.-02 देवपुरा(देवरिया),3,भागचंद रेगर,Bhagchand Regar,पिता,लादू राम,15,47,M,RJ/11/100353,1
GP11,देवपुरा,5,गज्जानाड़ी,44,राजकीय उच्च माध्यमिक विद्यालय कमरा नं.-02 देवपुरा(देवरिया),4,प्रेम देवी,Prem Devi,पति,भागचंद रेगर,16,44,F,RJ/11/100354,1
GP11,देवपुरा,5,गज्जानाड़ी,44,राजकीय उच्च माध्यमिक विद्यालय कमरा नं.-02 देवपुरा(देवरिया),5,मुकेश जाट,Mukesh Jat,पिता,रामदेव,15,29,M,RJ/11/100355,1
GP11,देवपुरा,6,गज्जानाड़ी,45,राजकीय उच्च माध्यमिक विद्यालय कमरा नं.-03 देवपुरा(देवरिया),1,भागचंद रेगर,Bhagchand Regar,पिता,लादू राम,18,47,M,RJ/11/100356,1
GP11,देवपुरा,6,गज्जानाड़ी,45,राजकीय उच्च माध्यमिक विद्यालय कमरा नं.-03 देवपुरा(देवरिया),2,प्रेम देवी,Prem Devi,पति,भागचंद रेगर,19,44,F,RJ/11/100357,1
GP11,देवपुरा,6,गज्जानाड़ी,45,राजकीय उच्च माध्यमिक विद्यालय कमरा नं.-03 देवपुरा(देवरिया),3,मुकेश जाट,Mukesh Jat,पिता,रामदेव,18,29,M,RJ/11/100358,1
GP11,देवपुरा,6,गज्जानाड़ी,45,राजकीय उच्च माध्यमिक विद्यालय कमरा नं.-03 देवपुरा(देवरिया),4,ममता जाट,Mamta Jat,पति,मुकेश जाट,19,27,F,RJ/11/100359,1
GP11,देवपुरा,6,गज्जानाड़ी,45,राजकीय उच्च माध्यमिक विद्यालय कमरा नं.-03 देवपुरा(देवरिया),5,शांति लाल जैन,Shanti Lal Jain,पिता,शान्ति स्वरूप,18,63,M,RJ/11/100360,1
GP11,देवपुरा,7,रूपपुरा,46,राजकीय उच्च माध्यमिक विद्यालय कमरा नं.-05 देवपुरा(देवरिया),1,मुकेश जाट,Mukesh Jat,पिता,रामदेव,21,29,M,RJ/11/100361,1
GP11,देवपुरा,7,रूपपुरा,46,राजकीय उच्च माध्यमिक विद्यालय कमरा नं.-05 देवपुरा(देवरिया),2,ममता जाट,Mamta Jat,पति,मुकेश जाट,22,27,F,RJ/11/100362,1
GP11,देवपुरा,7,रूपपुरा,46,राजकीय उच्च माध्यमिक विद्यालय कमरा नं.-05 देवपुरा(देवरिया),3,शांति लाल जैन,Shanti Lal Jain,पिता,शान्ति स्वरूप,21,63,M,RJ/11/100363,1
GP11,देवपुरा,7,रूपपुरा,46,राजकीय उच्च माध्यमिक विद्यालय कमरा नं.-05 देवपुरा(देवरिया),4,सविता जैन,Savita Jain,पति,शांति लाल जैन,22,59,F,RJ/11/100364,1
GP11,देवपुरा,7,रूपपुरा,46,राजकीय उच्च माध्यमिक विद्यालय कमरा नं.-05 देवपुरा(देवरिया),5,राजेंद्र शर्मा,Rajendra Sharma,पिता,कल्याण सहाय,21,50,M,RJ/11/100365,1
GP11,देवपुरा,8,रूपपुरा,47,राजकीय उच्च माध्यमिक विद्यालय कमरा नं.-07 देवपुरा(देवरिया),1,शांति लाल जैन,Shanti Lal Jain,पिता,शान्ति स्वरूप,24,63,M,RJ/11/100366,1
GP11,देवपुरा,8,रूपपुरा,47,राजकीय उच्च माध्यमिक विद्यालय कमरा नं.-07 देवपुरा(देवरिया),2,सविता जैन,Savita Jain,पति,शांति लाल जैन,25,59,F,RJ/11/100367,1
GP11,देवपुरा,8,रूपपुरा,47,राजकीय उच्च माध्यमिक विद्यालय कमरा नं.-07 देवपुरा(देवरिया),3,राजेंद्र शर्मा,Rajendra Sharma,पिता,कल्याण सहाय,24,50,M,RJ/11/100368,1
GP11,देवपुरा,8,रूपपुरा,47,राजकीय उच्च माध्यमिक विद्यालय कमरा नं.-07 देवपुरा(देवरिया),4,सुनीता शर्मा,Sunita Sharma,पति,राजेंद्र शर्मा,25,46,F,RJ/11/100369,1
GP11,देवपुरा,8,रूपपुरा,47,राजकीय उच्च माध्यमिक विद्यालय कमरा नं.-07 देवपुरा(देवरिया),5,रामेश्वर लाल,Rameshwar Lal,पिता,सुखदेव जी,24,45,M,RJ/11/100370,1
GP11,देवपुरा,9,मोतीपुरा,44,राजकीय उच्च माध्यमिक विद्यालय कमरा नं.-02 देवपुरा(देवरिया),1,राजेंद्र शर्मा,Rajendra Sharma,पिता,कल्याण सहाय,27,50,M,RJ/11/100371,1
GP11,देवपुरा,9,मोतीपुरा,44,राजकीय उच्च माध्यमिक विद्यालय कमरा नं.-02 देवपुरा(देवरिया),2,सुनीता शर्मा,Sunita Sharma,पति,राजेंद्र शर्मा,28,46,F,RJ/11/100372,1
GP11,देवपुरा,9,मोतीपुरा,44,राजकीय उच्च माध्यमिक विद्यालय कमरा नं.-02 देवपुरा(देवरिया),3,रामेश्वर लाल,Rameshwar Lal,पिता,सुखदेव जी,27,45,M,RJ/11/100373,1
GP11,देवपुरा,9,मोतीपुरा,44,राजकीय उच्च माध्यमिक विद्यालय कमरा नं.-02 देवपुरा(देवरिया),4,कौशल्या देवी,Kaushalya Devi,पति,रामेश्वर लाल,28,41,F,RJ/11/100374,1
GP11,देवपुरा,9,मोतीपुरा,44,राजकीय उच्च माध्यमिक विद्यालय कमरा नं.-02 देवपुरा(देवरिया),5,सुरेश कुमार,Suresh Kumar,पिता,रामेश्वर लाल,27,22,M,RJ/11/100375,1
GP11,देवपुरा,10,अमरगढ़,45,राजकीय उच्च माध्यमिक विद्यालय कमरा नं.-03 देवपुरा(देवरिया),1,रामेश्वर लाल,Rameshwar Lal,पिता,सुखदेव जी,30,45,M,RJ/11/100376,1
GP11,देवपुरा,10,अमरगढ़,45,राजकीय उच्च माध्यमिक विद्यालय कमरा नं.-03 देवपुरा(देवरिया),2,कौशल्या देवी,Kaushalya Devi,पति,रामेश्वर लाल,31,41,F,RJ/11/100377,1
GP11,देवपुरा,10,अमरगढ़,45,राजकीय उच्च माध्यमिक विद्यालय कमरा नं.-03 देवपुरा(देवरिया),3,सुरेश कुमार,Suresh Kumar,पिता,रामेश्वर लाल,30,22,M,RJ/11/100378,1
GP11,देवपुरा,10,अमरगढ़,45,राजकीय उच्च माध्यमिक विद्यालय कमरा नं.-03 देवपुरा(देवरिया),4,मंजू देवी,Manju Devi,पति,सुरेश कुमार,31,21,F,RJ/11/100379,1
GP11,देवपुरा,10,अमरगढ़,45,राजकीय उच्च माध्यमिक विद्यालय कमरा नं.-03 देवपुरा(देवरिया),5,गोपाल वैष्णव,Gopal Vaishnav,पिता,मदन लाल,30,38,M,RJ/11/100380,1
GP11,देवपुरा,11,अमरगढ़,46,राजकीय उच्च माध्यमिक विद्यालय कमरा नं.-05 देवपुरा(देवरिया),1,सुरेश कुमार,Suresh Kumar,पिता,रामेश्वर लाल,33,22,M,RJ/11/100381,1
GP11,देवपुरा,11,अमरगढ़,46,राजकीय उच्च माध्यमिक विद्यालय कमरा नं.-05 देवपुरा(देवरिया),2,मंजू देवी,Manju Devi,पति,सुरेश कुमार,34,21,F,RJ/11/100382,1
GP11,देवपुरा,11,अमरगढ़,46,राजकीय उच्च माध्यमिक विद्यालय कमरा नं.-05 देवपुरा(देवरिया),3,गोपाल वैष्णव,Gopal Vaishnav,पिता,मदन लाल,33,38,M,RJ/11/100383,1
GP11,देवपुरा,11,अमरगढ़,46,राजकीय उच्च माध्यमिक विद्यालय कमरा नं.-05 देवपुरा(देवरिया),4,अनिता वैष्णव,Anita Vaishnav,पति,गोपाल वैष्णव,34,35,F,RJ/11/100384,1
GP11,देवपुरा,11,अमरगढ़,46,राजकीय उच्च माध्यमिक विद्यालय कमरा नं.-05 देवपुरा(देवरिया),5,कैलाश चंद,Kailash Chand,पिता,रूघनाथ राम,33,52,M,RJ/11/100385,1
GP12,देवलिया कलां,1,माताजी का खेडा,38,पीएमश्री राजकीय उच्च माध्यमिक विद्यालय कमरा नं.-01 देवलियाकलां,1,सुरेश कुमार,Suresh Kumar,पिता,रामेश्वर लाल,3,22,M,RJ/12/100386,1
GP12,देवलिया कलां,1,माताजी का खेडा,38,पीएमश्री राजकीय उच्च माध्यमिक विद्यालय कमरा नं.-01 देवलियाकलां,2,मंजू देवी,Manju Devi,पति,सुरेश कुमार,4,21,F,RJ/12/100387,1
GP12,देवलिया कलां,1,माताजी का खेडा,38,पीएमश्री राजकीय उच्च माध्यमिक विद्यालय कमरा नं.-01 देवलियाकलां,3,गोपाल वैष्णव,Gopal Vaishnav,पिता,मदन लाल,3,38,M,RJ/12/100388,1
GP12,देवलिया कलां,1,माताजी का खेडा,38,पीएमश्री राजकीय उच्च माध्यमिक विद्यालय कमरा नं.-01 देवलियाकलां,4,अनिता वैष्णव,Anita Vaishnav,पति,गोपाल वैष्णव,4,35,F,RJ/12/100389,1
GP12,देवलिया कलां,1,माताजी का खेडा,38,पीएमश्री राजकीय उच्च माध्यमिक विद्यालय कमरा नं.-01 देवलियाकलां,5,कैलाश चंद,Kailash Chand,पिता,रूघनाथ राम,3,52,M,RJ/12/100390,1
GP12,देवलिया कलां,2,माताजी का खेडा,39,पीएमश्री राजकीय उच्च माध्यमिक विद्यालय कमरा नं.-02 देवलियाकलां,1,गोपाल वैष्णव,Gopal Vaishnav,पिता,मदन लाल,6,38,M,RJ/12/100391,1
GP12,देवलिया कलां,2,माताजी का खेडा,39,पीएमश्री राजकीय उच्च माध्यमिक विद्यालय कमरा नं.-02 देवलियाकलां,2,अनिता वैष्णव,Anita Vaishnav,पति,गोपाल वैष्णव,7,35,F,RJ/12/100392,1
GP12,देवलिया कलां,2,माताजी का खेडा,39,पीएमश्री राजकीय उच्च माध्यमिक विद्यालय कमरा नं.-02 देवलियाकलां,3,कैलाश चंद,Kailash Chand,पिता,रूघनाथ राम,6,52,M,RJ/12/100393,1
GP12,देवलिया कलां,2,माताजी का खेडा,39,पीएमश्री राजकीय उच्च माध्यमिक विद्यालय कमरा नं.-02 देवलियाकलां,4,कमला देवी,Kamla Devi,पति,कैलाश चंद,7,48,F,RJ/12/100394,1
GP12,देवलिया कलां,2,माताजी का खेडा,39,पीएमश्री राजकीय उच्च माध्यमिक विद्यालय कमरा नं.-02 देवलियाकलां,5,राकेश चौधरी,Rakesh Choudhary,पिता,कैलाश चंद,6,26,M,RJ/12/100395,1
GP12,देवलिया कलां,3,देवलिया कलां,40,पीएमश्री राजकीय उच्च माध्यमिक विद्यालय कमरा नं.-03 देवलियाकलां,1,कैलाश चंद,Kailash Chand,पिता,रूघनाथ राम,9,52,M,RJ/12/100396,1
GP12,देवलिया कलां,3,देवलिया कलां,40,पीएमश्री राजकीय उच्च माध्यमिक विद्यालय कमरा नं.-03 देवलियाकलां,2,कमला देवी,Kamla Devi,पति,कैलाश चंद,10,48,F,RJ/12/100397,1
GP12,देवलिया कलां,3,देवलिया कलां,40,पीएमश्री राजकीय उच्च माध्यमिक विद्यालय कमरा नं.-03 देवलियाकलां,3,राकेश चौधरी,Rakesh Choudhary,पिता,कैलाश चंद,9,26,M,RJ/12/100398,1
GP12,देवलिया कलां,3,देवलिया कलां,40,पीएमश्री राजकीय उच्च माध्यमिक विद्यालय कमरा नं.-03 देवलियाकलां,4,पूजा चौधरी,Pooja Choudhary,पति,राकेश चौधरी,10,24,F,RJ/12/100399,1
GP12,देवलिया कलां,3,देवलिया कलां,40,पीएमश्री राजकीय उच्च माध्यमिक विद्यालय कमरा नं.-03 देवलियाकलां,5,दिनेश गुर्जर,Dinesh Gurjar,पिता,हरदेव गुर्जर,9,34,M,RJ/12/100400,1
GP12,देवलिया कलां,4,देवलिया कलां,41,पीएमश्री राजकीय उच्च माध्यमिक विद्यालय कमरा नं.-20 देवलियाकलां,1,राकेश चौधरी,Rakesh Choudhary,पिता,कैलाश चंद,12,26,M,RJ/12/100401,1
GP12,देवलिया कलां,4,देवलिया कलां,41,पीएमश्री राजकीय उच्च माध्यमिक विद्यालय कमरा नं.-20 देवलियाकलां,2,पूजा चौधरी,Pooja Choudhary,पति,राकेश चौधरी,13,24,F,RJ/12/100402,1
GP12,देवलिया कलां,4,देवलिया कलां,41,पीएमश्री राजकीय उच्च माध्यमिक विद्यालय कमरा नं.-20 देवलियाकलां,3,दिनेश गुर्जर,Dinesh Gurjar,पिता,हरदेव गुर्जर,12,34,M,RJ/12/100403,1
GP12,देवलिया कलां,4,देवलिया कलां,41,पीएमश्री राजकीय उच्च माध्यमिक विद्यालय कमरा नं.-20 देवलियाकलां,4,सुशीला गुर्जर,Sushila Gurjar,पति,दिनेश गुर्जर,13,31,F,RJ/12/100404,1
GP12,देवलिया कलां,4,देवलिया कलां,41,पीएमश्री राजकीय उच्च माध्यमिक विद्यालय कमरा नं.-20 देवलियाकलां,5,भागचंद रेगर,Bhagchand Regar,पिता,लादू राम,12,47,M,RJ/12/100405,1
GP12,देवलिया कलां,5,देवलिया कलां,42,महात्मा गाँधी राजकीय विद्यालय कमरा नं.-02 देवलियाकलां,1,दिनेश गुर्जर,Dinesh Gurjar,पिता,हरदेव गुर्जर,15,34,M,RJ/12/100406,1
GP12,देवलिया कलां,5,देवलिया कलां,42,महात्मा गाँधी राजकीय विद्यालय कमरा नं.-02 देवलियाकलां,2,सुशीला गुर्जर,Sushila Gurjar,पति,दिनेश गुर्जर,16,31,F,RJ/12/100407,1
GP12,देवलिया कलां,5,देवलिया कलां,42,महात्मा गाँधी राजकीय विद्यालय कमरा नं.-02 देवलियाकलां,3,भागचंद रेगर,Bhagchand Regar,पिता,लादू राम,15,47,M,RJ/12/100408,1
GP12,देवलिया कलां,5,देवलिया कलां,42,महात्मा गाँधी राजकीय विद्यालय कमरा नं.-02 देवलियाकलां,4,प्रेम देवी,Prem Devi,पति,भागचंद रेगर,16,44,F,RJ/12/100409,1
GP12,देवलिया कलां,5,देवलिया कलां,42,महात्मा गाँधी राजकीय विद्यालय कमरा नं.-02 देवलियाकलां,5,मुकेश जाट,Mukesh Jat,पिता,रामदेव,15,29,M,RJ/12/100410,1
GP12,देवलिया कलां,6,देवलिया कलां,43,महात्मा गाँधी राजकीय विद्यालय कमरा नं.-03 देवलियाकलां,1,भागचंद रेगर,Bhagchand Regar,पिता,लादू राम,18,47,M,RJ/12/100411,1
GP12,देवलिया कलां,6,देवलिया कलां,43,महात्मा गाँधी राजकीय विद्यालय कमरा नं.-03 देवलियाकलां,2,प्रेम देवी,Prem Devi,पति,भागचंद रेगर,19,44,F,RJ/12/100412,1
GP12,देवलिया कलां,6,देवलिया कलां,43,महात्मा गाँधी राजकीय विद्यालय कमरा नं.-03 देवलियाकलां,3,मुकेश जाट,Mukesh Jat,पिता,रामदेव,18,29,M,RJ/12/100413,1
GP12,देवलिया कलां,6,देवलिया कलां,43,महात्मा गाँधी राजकीय विद्यालय कमरा नं.-03 देवलियाकलां,4,ममता जाट,Mamta Jat,पति,मुकेश जाट,19,27,F,RJ/12/100414,1
GP12,देवलिया कलां,6,देवलिया कलां,43,महात्मा गाँधी राजकीय विद्यालय कमरा नं.-03 देवलियाकलां,5,शांति लाल जैन,Shanti Lal Jain,पिता,शान्ति स्वरूप,18,63,M,RJ/12/100415,1
GP12,देवलिया कलां,7,देवलिया कलां,38,पीएमश्री राजकीय उच्च माध्यमिक विद्यालय कमरा नं.-01 देवलियाकलां,1,मुकेश जाट,Mukesh Jat,पिता,रामदेव,21,29,M,RJ/12/100416,1
GP12,देवलिया कलां,7,देवलिया कलां,38,पीएमश्री राजकीय उच्च माध्यमिक विद्यालय कमरा नं.-01 देवलियाकलां,2,ममता जाट,Mamta Jat,पति,मुकेश जाट,22,27,F,RJ/12/100417,1
GP12,देवलिया कलां,7,देवलिया कलां,38,पीएमश्री राजकीय उच्च माध्यमिक विद्यालय कमरा नं.-01 देवलियाकलां,3,शांति लाल जैन,Shanti Lal Jain,पिता,शान्ति स्वरूप,21,63,M,RJ/12/100418,1
GP12,देवलिया कलां,7,देवलिया कलां,38,पीएमश्री राजकीय उच्च माध्यमिक विद्यालय कमरा नं.-01 देवलियाकलां,4,सविता जैन,Savita Jain,पति,शांति लाल जैन,22,59,F,RJ/12/100419,1
GP12,देवलिया कलां,7,देवलिया कलां,38,पीएमश्री राजकीय उच्च माध्यमिक विद्यालय कमरा नं.-01 देवलियाकलां,5,राजेंद्र शर्मा,Rajendra Sharma,पिता,कल्याण सहाय,21,50,M,RJ/12/100420,1
GP12,देवलिया कलां,8,देवलिया कलां,39,पीएमश्री राजकीय उच्च माध्यमिक विद्यालय कमरा नं.-02 देवलियाकलां,1,शांति लाल जैन,Shanti Lal Jain,पिता,शान्ति स्वरूप,24,63,M,RJ/12/100421,1
GP12,देवलिया कलां,8,देवलिया कलां,39,पीएमश्री राजकीय उच्च माध्यमिक विद्यालय कमरा नं.-02 देवलियाकलां,2,सविता जैन,Savita Jain,पति,शांति लाल जैन,25,59,F,RJ/12/100422,1
GP12,देवलिया कलां,8,देवलिया कलां,39,पीएमश्री राजकीय उच्च माध्यमिक विद्यालय कमरा नं.-02 देवलियाकलां,3,राजेंद्र शर्मा,Rajendra Sharma,पिता,कल्याण सहाय,24,50,M,RJ/12/100423,1
GP12,देवलिया कलां,8,देवलिया कलां,39,पीएमश्री राजकीय उच्च माध्यमिक विद्यालय कमरा नं.-02 देवलियाकलां,4,सुनीता शर्मा,Sunita Sharma,पति,राजेंद्र शर्मा,25,46,F,RJ/12/100424,1
GP12,देवलिया कलां,8,देवलिया कलां,39,पीएमश्री राजकीय उच्च माध्यमिक विद्यालय कमरा नं.-02 देवलियाकलां,5,रामेश्वर लाल,Rameshwar Lal,पिता,सुखदेव जी,24,45,M,RJ/12/100425,1
GP12,देवलिया कलां,9,देवलिया कलां,40,पीएमश्री राजकीय उच्च माध्यमिक विद्यालय कमरा नं.-03 देवलियाकलां,1,राजेंद्र शर्मा,Rajendra Sharma,पिता,कल्याण सहाय,27,50,M,RJ/12/100426,1
GP12,देवलिया कलां,9,देवलिया कलां,40,पीएमश्री राजकीय उच्च माध्यमिक विद्यालय कमरा नं.-03 देवलियाकलां,2,सुनीता शर्मा,Sunita Sharma,पति,राजेंद्र शर्मा,28,46,F,RJ/12/100427,1
GP12,देवलिया कलां,9,देवलिया कलां,40,पीएमश्री राजकीय उच्च माध्यमिक विद्यालय कमरा नं.-03 देवलियाकलां,3,रामेश्वर लाल,Rameshwar Lal,पिता,सुखदेव जी,27,45,M,RJ/12/100428,1
GP12,देवलिया कलां,9,देवलिया कलां,40,पीएमश्री राजकीय उच्च माध्यमिक विद्यालय कमरा नं.-03 देवलियाकलां,4,कौशल्या देवी,Kaushalya Devi,पति,रामेश्वर लाल,28,41,F,RJ/12/100429,1
GP12,देवलिया कलां,9,देवलिया कलां,40,पीएमश्री राजकीय उच्च माध्यमिक विद्यालय कमरा नं.-03 देवलियाकलां,5,सुरेश कुमार,Suresh Kumar,पिता,रामेश्वर लाल,27,22,M,RJ/12/100430,1
GP12,देवलिया कलां,10,देवलिया कलां,41,पीएमश्री राजकीय उच्च माध्यमिक विद्यालय कमरा नं.-20 देवलियाकलां,1,रामेश्वर लाल,Rameshwar Lal,पिता,सुखदेव जी,30,45,M,RJ/12/100431,1
GP12,देवलिया कलां,10,देवलिया कलां,41,पीएमश्री राजकीय उच्च माध्यमिक विद्यालय कमरा नं.-20 देवलियाकलां,2,कौशल्या देवी,Kaushalya Devi,पति,रामेश्वर लाल,31,41,F,RJ/12/100432,1
GP12,देवलिया कलां,10,देवलिया कलां,41,पीएमश्री राजकीय उच्च माध्यमिक विद्यालय कमरा नं.-20 देवलियाकलां,3,सुरेश कुमार,Suresh Kumar,पिता,रामेश्वर लाल,30,22,M,RJ/12/100433,1
GP12,देवलिया कलां,10,देवलिया कलां,41,पीएमश्री राजकीय उच्च माध्यमिक विद्यालय कमरा नं.-20 देवलियाकलां,4,मंजू देवी,Manju Devi,पति,सुरेश कुमार,31,21,F,RJ/12/100434,1
GP12,देवलिया कलां,10,देवलिया कलां,41,पीएमश्री राजकीय उच्च माध्यमिक विद्यालय कमरा नं.-20 देवलियाकलां,5,गोपाल वैष्णव,Gopal Vaishnav,पिता,मदन लाल,30,38,M,RJ/12/100435,1
GP12,देवलिया कलां,11,देवलिया कलां,42,महात्मा गाँधी राजकीय विद्यालय कमरा नं.-02 देवलियाकलां,1,सुरेश कुमार,Suresh Kumar,पिता,रामेश्वर लाल,33,22,M,RJ/12/100436,1
GP12,देवलिया कलां,11,देवलिया कलां,42,महात्मा गाँधी राजकीय विद्यालय कमरा नं.-02 देवलियाकलां,2,मंजू देवी,Manju Devi,पति,सुरेश कुमार,34,21,F,RJ/12/100437,1
GP12,देवलिया कलां,11,देवलिया कलां,42,महात्मा गाँधी राजकीय विद्यालय कमरा नं.-02 देवलियाकलां,3,गोपाल वैष्णव,Gopal Vaishnav,पिता,मदन लाल,33,38,M,RJ/12/100438,1
GP12,देवलिया कलां,11,देवलिया कलां,42,महात्मा गाँधी राजकीय विद्यालय कमरा नं.-02 देवलियाकलां,4,अनिता वैष्णव,Anita Vaishnav,पति,गोपाल वैष्णव,34,35,F,RJ/12/100439,1
GP12,देवलिया कलां,11,देवलिया कलां,42,महात्मा गाँधी राजकीय विद्यालय कमरा नं.-02 देवलियाकलां,5,कैलाश चंद,Kailash Chand,पिता,रूघनाथ राम,33,52,M,RJ/12/100440,1
GP12,देवलिया कलां,12,देवलिया कलां,43,महात्मा गाँधी राजकीय विद्यालय कमरा नं.-03 देवलियाकलां,1,गोपाल वैष्णव,Gopal Vaishnav,पिता,मदन लाल,36,38,M,RJ/12/100441,1
GP12,देवलिया कलां,12,देवलिया कलां,43,महात्मा गाँधी राजकीय विद्यालय कमरा नं.-03 देवलियाकलां,2,अनिता वैष्णव,Anita Vaishnav,पति,गोपाल वैष्णव,37,35,F,RJ/12/100442,1
GP12,देवलिया कलां,12,देवलिया कलां,43,महात्मा गाँधी राजकीय विद्यालय कमरा नं.-03 देवलियाकलां,3,कैलाश चंद,Kailash Chand,पिता,रूघनाथ राम,36,52,M,RJ/12/100443,1
GP12,देवलिया कलां,12,देवलिया कलां,43,महात्मा गाँधी राजकीय विद्यालय कमरा नं.-03 देवलियाकलां,4,कमला देवी,Kamla Devi,पति,कैलाश चंद,37,48,F,RJ/12/100444,1
GP12,देवलिया कलां,12,देवलिया कलां,43,महात्मा गाँधी राजकीय विद्यालय कमरा नं.-03 देवलियाकलां,5,राकेश चौधरी,Rakesh Choudhary,पिता,कैलाश चंद,36,26,M,RJ/12/100445,1
GP12,देवलिया कलां,13,देवलिया कलां,38,पीएमश्री राजकीय उच्च माध्यमिक विद्यालय कमरा नं.-01 देवलियाकलां,1,कैलाश चंद,Kailash Chand,पिता,रूघनाथ राम,39,52,M,RJ/12/100446,1
GP12,देवलिया कलां,13,देवलिया कलां,38,पीएमश्री राजकीय उच्च माध्यमिक विद्यालय कमरा नं.-01 देवलियाकलां,2,कमला देवी,Kamla Devi,पति,कैलाश चंद,40,48,F,RJ/12/100447,1
GP12,देवलिया कलां,13,देवलिया कलां,38,पीएमश्री राजकीय उच्च माध्यमिक विद्यालय कमरा नं.-01 देवलियाकलां,3,राकेश चौधरी,Rakesh Choudhary,पिता,कैलाश चंद,39,26,M,RJ/12/100448,1
GP12,देवलिया कलां,13,देवलिया कलां,38,पीएमश्री राजकीय उच्च माध्यमिक विद्यालय कमरा नं.-01 देवलियाकलां,4,पूजा चौधरी,Pooja Choudhary,पति,राकेश चौधरी,40,24,F,RJ/12/100449,1
GP12,देवलिया कलां,13,देवलिया कलां,38,पीएमश्री राजकीय उच्च माध्यमिक विद्यालय कमरा नं.-01 देवलियाकलां,5,दिनेश गुर्जर,Dinesh Gurjar,पिता,हरदेव गुर्जर,39,34,M,RJ/12/100450,1
GP12,देवलिया कलां,14,देवलिया कलां,39,पीएमश्री राजकीय उच्च माध्यमिक विद्यालय कमरा नं.-02 देवलियाकलां,1,राकेश चौधरी,Rakesh Choudhary,पिता,कैलाश चंद,42,26,M,RJ/12/100451,1
GP12,देवलिया कलां,14,देवलिया कलां,39,पीएमश्री राजकीय उच्च माध्यमिक विद्यालय कमरा नं.-02 देवलियाकलां,2,पूजा चौधरी,Pooja Choudhary,पति,राकेश चौधरी,43,24,F,RJ/12/100452,1
GP12,देवलिया कलां,14,देवलिया कलां,39,पीएमश्री राजकीय उच्च माध्यमिक विद्यालय कमरा नं.-02 देवलियाकलां,3,दिनेश गुर्जर,Dinesh Gurjar,पिता,हरदेव गुर्जर,42,34,M,RJ/12/100453,1
GP12,देवलिया कलां,14,देवलिया कलां,39,पीएमश्री राजकीय उच्च माध्यमिक विद्यालय कमरा नं.-02 देवलियाकलां,4,सुशीला गुर्जर,Sushila Gurjar,पति,दिनेश गुर्जर,43,31,F,RJ/12/100454,1
GP12,देवलिया कलां,14,देवलिया कलां,39,पीएमश्री राजकीय उच्च माध्यमिक विद्यालय कमरा नं.-02 देवलियाकलां,5,भागचंद रेगर,Bhagchand Regar,पिता,लादू राम,42,47,M,RJ/12/100455,1
GP12,देवलिया कलां,15,देवलिया कलां,40,पीएमश्री राजकीय उच्च माध्यमिक विद्यालय कमरा नं.-03 देवलियाकलां,1,दिनेश गुर्जर,Dinesh Gurjar,पिता,हरदेव गुर्जर,45,34,M,RJ/12/100456,1
GP12,देवलिया कलां,15,देवलिया कलां,40,पीएमश्री राजकीय उच्च माध्यमिक विद्यालय कमरा नं.-03 देवलियाकलां,2,सुशीला गुर्जर,Sushila Gurjar,पति,दिनेश गुर्जर,46,31,F,RJ/12/100457,1
GP12,देवलिया कलां,15,देवलिया कलां,40,पीएमश्री राजकीय उच्च माध्यमिक विद्यालय कमरा नं.-03 देवलियाकलां,3,भागचंद रेगर,Bhagchand Regar,पिता,लादू राम,45,47,M,RJ/12/100458,1
GP12,देवलिया कलां,15,देवलिया कलां,40,पीएमश्री राजकीय उच्च माध्यमिक विद्यालय कमरा नं.-03 देवलियाकलां,4,प्रेम देवी,Prem Devi,पति,भागचंद रेगर,46,44,F,RJ/12/100459,1
GP12,देवलिया कलां,15,देवलिया कलां,40,पीएमश्री राजकीय उच्च माध्यमिक विद्यालय कमरा नं.-03 देवलियाकलां,5,मुकेश जाट,Mukesh Jat,पिता,रामदेव,45,29,M,RJ/12/100460,1
GP13,धांतोल,1,धांतोल,48,राजकीय उच्च माध्यमिक विद्यालय कमरा नं.-03 धांतोल,1,सुरेश कुमार,Suresh Kumar,पिता,रामेश्वर लाल,3,22,M,RJ/13/100461,1
GP13,धांतोल,1,धांतोल,48,राजकीय उच्च माध्यमिक विद्यालय कमरा नं.-03 धांतोल,2,मंजू देवी,Manju Devi,पति,सुरेश कुमार,4,21,F,RJ/13/100462,1
GP13,धांतोल,1,धांतोल,48,राजकीय उच्च माध्यमिक विद्यालय कमरा नं.-03 धांतोल,3,गोपाल वैष्णव,Gopal Vaishnav,पिता,मदन लाल,3,38,M,RJ/13/100463,1
GP13,धांतोल,2,धांतोल,49,राजकीय उच्च माध्यमिक विद्यालय कमरा नं.-04 धांतोल,1,गोपाल वैष्णव,Gopal Vaishnav,पिता,मदन लाल,6,38,M,RJ/13/100464,1
GP13,धांतोल,2,धांतोल,49,राजकीय उच्च माध्यमिक विद्यालय कमरा नं.-04 धांतोल,2,अनिता वैष्णव,Anita Vaishnav,पति,गोपाल वैष्णव,7,35,F,RJ/13/100465,1
GP13,धांतोल,2,धांतोल,49,राजकीय उच्च माध्यमिक विद्यालय कमरा नं.-04 धांतोल,3,कैलाश चंद,Kailash Chand,पिता,रूघनाथ राम,6,52,M,RJ/13/100466,1
GP13,धांतोल,3,धांतोल,50,राजकीय उच्च माध्यमिक विद्यालय कमरा नं.-07 धांतोल,1,कैलाश चंद,Kailash Chand,पिता,रूघनाथ राम,9,52,M,RJ/13/100467,1
GP13,धांतोल,3,धांतोल,50,राजकीय उच्च माध्यमिक विद्यालय कमरा नं.-07 धांतोल,2,कमला देवी,Kamla Devi,पति,कैलाश चंद,10,48,F,RJ/13/100468,1
GP13,धांतोल,3,धांतोल,50,राजकीय उच्च माध्यमिक विद्यालय कमरा नं.-07 धांतोल,3,राकेश चौधरी,Rakesh Choudhary,पिता,कैलाश चंद,9,26,M,RJ/13/100469,1
GP13,धांतोल,4,उदय गढ़ खेड़ा,48,राजकीय उच्च माध्यमिक विद्यालय कमरा नं.-03 धांतोल,1,राकेश चौधरी,Rakesh Choudhary,पिता,कैलाश चंद,12,26,M,RJ/13/100470,1
GP13,धांतोल,4,उदय गढ़ खेड़ा,48,राजकीय उच्च माध्यमिक विद्यालय कमरा नं.-03 धांतोल,2,पूजा चौधरी,Pooja Choudhary,पति,राकेश चौधरी,13,24,F,RJ/13/100471,1
GP13,धांतोल,4,उदय गढ़ खेड़ा,48,राजकीय उच्च माध्यमिक विद्यालय कमरा नं.-03 धांतोल,3,दिनेश गुर्जर,Dinesh Gurjar,पिता,हरदेव गुर्जर,12,34,M,RJ/13/100472,1
GP13,धांतोल,5,उदय गढ़ खेड़ा,49,राजकीय उच्च माध्यमिक विद्यालय कमरा नं.-04 धांतोल,1,दिनेश गुर्जर,Dinesh Gurjar,पिता,हरदेव गुर्जर,15,34,M,RJ/13/100473,1
GP13,धांतोल,5,उदय गढ़ खेड़ा,49,राजकीय उच्च माध्यमिक विद्यालय कमरा नं.-04 धांतोल,2,सुशीला गुर्जर,Sushila Gurjar,पति,दिनेश गुर्जर,16,31,F,RJ/13/100474,1
GP13,धांतोल,5,उदय गढ़ खेड़ा,49,राजकीय उच्च माध्यमिक विद्यालय कमरा नं.-04 धांतोल,3,भागचंद रेगर,Bhagchand Regar,पिता,लादू राम,15,47,M,RJ/13/100475,1
GP13,धांतोल,6,उदय गढ़ खेड़ा,50,राजकीय उच्च माध्यमिक विद्यालय कमरा नं.-07 धांतोल,1,भागचंद रेगर,Bhagchand Regar,पिता,लादू राम,18,47,M,RJ/13/100476,1
GP13,धांतोल,6,उदय गढ़ खेड़ा,50,राजकीय उच्च माध्यमिक विद्यालय कमरा नं.-07 धांतोल,2,प्रेम देवी,Prem Devi,पति,भागचंद रेगर,19,44,F,RJ/13/100477,1
GP13,धांतोल,6,उदय गढ़ खेड़ा,50,राजकीय उच्च माध्यमिक विद्यालय कमरा नं.-07 धांतोल,3,मुकेश जाट,Mukesh Jat,पिता,रामदेव,18,29,M,RJ/13/100478,1
GP13,धांतोल,7,उदय गढ़ खेड़ा,48,राजकीय उच्च माध्यमिक विद्यालय कमरा नं.-03 धांतोल,1,मुकेश जाट,Mukesh Jat,पिता,रामदेव,21,29,M,RJ/13/100479,1
GP13,धांतोल,7,उदय गढ़ खेड़ा,48,राजकीय उच्च माध्यमिक विद्यालय कमरा नं.-03 धांतोल,2,ममता जाट,Mamta Jat,पति,मुकेश जाट,22,27,F,RJ/13/100480,1
GP13,धांतोल,7,उदय गढ़ खेड़ा,48,राजकीय उच्च माध्यमिक विद्यालय कमरा नं.-03 धांतोल,3,शांति लाल जैन,Shanti Lal Jain,पिता,शान्ति स्वरूप,21,63,M,RJ/13/100481,1
GP13,धांतोल,8,गुजरवाडा,49,राजकीय उच्च माध्यमिक विद्यालय कमरा नं.-04 धांतोल,1,शांति लाल जैन,Shanti Lal Jain,पिता,शान्ति स्वरूप,24,63,M,RJ/13/100482,1
GP13,धांतोल,8,गुजरवाडा,49,राजकीय उच्च माध्यमिक विद्यालय कमरा नं.-04 धांतोल,2,सविता जैन,Savita Jain,पति,शांति लाल जैन,25,59,F,RJ/13/100483,1
GP13,धांतोल,8,गुजरवाडा,49,राजकीय उच्च माध्यमिक विद्यालय कमरा नं.-04 धांतोल,3,राजेंद्र शर्मा,Rajendra Sharma,पिता,कल्याण सहाय,24,50,M,RJ/13/100484,1
GP13,धांतोल,9,गुजरवाडा,50,राजकीय उच्च माध्यमिक विद्यालय कमरा नं.-07 धांतोल,1,राजेंद्र शर्मा,Rajendra Sharma,पिता,कल्याण सहाय,27,50,M,RJ/13/100485,1
GP13,धांतोल,9,गुजरवाडा,50,राजकीय उच्च माध्यमिक विद्यालय कमरा नं.-07 धांतोल,2,सुनीता शर्मा,Sunita Sharma,पति,राजेंद्र शर्मा,28,46,F,RJ/13/100486,1
GP13,धांतोल,9,गुजरवाडा,50,राजकीय उच्च माध्यमिक विद्यालय कमरा नं.-07 धांतोल,3,रामेश्वर लाल,Rameshwar Lal,पिता,सुखदेव जी,27,45,M,RJ/13/100487,1
GP14,नांदसी आंशिक,8,कुरथल,91,राजकीय उच्च माध्यमिक विद्यालय कमरा नं.-06 नान्दसी,1,शांति लाल जैन,Shanti Lal Jain,पिता,शान्ति स्वरूप,24,63,M,RJ/14/100488,1
GP14,नांदसी आंशिक,8,कुरथल,91,राजकीय उच्च माध्यमिक विद्यालय कमरा नं.-06 नान्दसी,2,सविता जैन,Savita Jain,पति,शांति लाल जैन,25,59,F,RJ/14/100489,1
GP14,नांदसी आंशिक,8,कुरथल,91,राजकीय उच्च माध्यमिक विद्यालय कमरा नं.-06 नान्दसी,3,राजेंद्र शर्मा,Rajendra Sharma,पिता,कल्याण सहाय,24,50,M,RJ/14/100490,1
GP14,नांदसी आंशिक,9,कुरथल,92,राजकीय उच्च माध्यमिक विद्यालय कमरा नं.-07 नान्दसी,1,राजेंद्र शर्मा,Rajendra Sharma,पिता,कल्याण सहाय,27,50,M,RJ/14/100491,1
GP14,नांदसी आंशिक,9,कुरथल,92,राजकीय उच्च माध्यमिक विद्यालय कमरा नं.-07 नान्दसी,2,सुनीता शर्मा,Sunita Sharma,पति,राजेंद्र शर्मा,28,46,F,RJ/14/100492,1
GP14,नांदसी आंशिक,9,कुरथल,92,राजकीय उच्च माध्यमिक विद्यालय कमरा नं.-07 नान्दसी,3,रामेश्वर लाल,Rameshwar Lal,पिता,सुखदेव जी,27,45,M,RJ/14/100493,1
GP14,नांदसी आंशिक,10,काचरिया,93,राजकीय उच्च माध्यमिक विद्यालय कमरा नं.-08 नान्दसी,1,रामेश्वर लाल,Rameshwar Lal,पिता,सुखदेव जी,30,45,M,RJ/14/100494,1
GP14,नांदसी आंशिक,10,काचरिया,93,राजकीय उच्च माध्यमिक विद्यालय कमरा नं.-08 नान्दसी,2,कौशल्या देवी,Kaushalya Devi,पति,रामेश्वर लाल,31,41,F,RJ/14/100495,1
GP14,नांदसी आंशिक,10,काचरिया,93,राजकीय उच्च माध्यमिक विद्यालय कमरा नं.-08 नान्दसी,3,सुरेश कुमार,Suresh Kumar,पिता,रामेश्वर लाल,30,22,M,RJ/14/100496,1
GP14,नांदसी आंशिक,11,काचरिया,89,राजकीय उच्च माध्यमिक विद्यालय कमरा नं.-03 नान्दसी,1,सुरेश कुमार,Suresh Kumar,पिता,रामेश्वर लाल,33,22,M,RJ/14/100497,1
GP14,नांदसी आंशिक,11,काचरिया,89,राजकीय उच्च माध्यमिक विद्यालय कमरा नं.-03 नान्दसी,2,मंजू देवी,Manju Devi,पति,सुरेश कुमार,34,21,F,RJ/14/100498,1
GP14,नांदसी आंशिक,11,काचरिया,89,राजकीय उच्च माध्यमिक विद्यालय कमरा नं.-03 नान्दसी,3,गोपाल वैष्णव,Gopal Vaishnav,पिता,मदन लाल,33,38,M,RJ/14/100499,1
GP14,नांदसी आंशिक,1,नांदसी,89,राजकीय उच्च माध्यमिक विद्यालय कमरा नं.-03 नान्दसी,1,सुरेश कुमार,Suresh Kumar,पिता,रामेश्वर लाल,3,22,M,RJ/14/100500,1
GP14,नांदसी आंशिक,1,नांदसी,89,राजकीय उच्च माध्यमिक विद्यालय कमरा नं.-03 नान्दसी,2,मंजू देवी,Manju Devi,पति,सुरेश कुमार,4,21,F,RJ/14/100501,1
GP14,नांदसी आंशिक,1,नांदसी,89,राजकीय उच्च माध्यमिक विद्यालय कमरा नं.-03 नान्दसी,3,गोपाल वैष्णव,Gopal Vaishnav,पिता,मदन लाल,3,38,M,RJ/14/100502,1
GP14,नांदसी आंशिक,2,नांदसी,90,राजकीय उच्च माध्यमिक विद्यालय कमरा नं.-05 नान्दसी,1,गोपाल वैष्णव,Gopal Vaishnav,पिता,मदन लाल,6,38,M,RJ/14/100503,1
GP14,नांदसी आंशिक,2,नांदसी,90,राजकीय उच्च माध्यमिक विद्यालय कमरा नं.-05 नान्दसी,2,अनिता वैष्णव,Anita Vaishnav,पति,गोपाल वैष्णव,7,35,F,RJ/14/100504,1
GP14,नांदसी आंशिक,2,नांदसी,90,राजकीय उच्च माध्यमिक विद्यालय कमरा नं.-05 नान्दसी,3,कैलाश चंद,Kailash Chand,पिता,रूघनाथ राम,6,52,M,RJ/14/100505,1
GP14,नांदसी आंशिक,3,नांदसी,91,राजकीय उच्च माध्यमिक विद्यालय कमरा नं.-06 नान्दसी,1,कैलाश चंद,Kailash Chand,पिता,रूघनाथ राम,9,52,M,RJ/14/100506,1
GP14,नांदसी आंशिक,3,नांदसी,91,राजकीय उच्च माध्यमिक विद्यालय कमरा नं.-06 नान्दसी,2,कमला देवी,Kamla Devi,पति,कैलाश चंद,10,48,F,RJ/14/100507,1
GP14,नांदसी आंशिक,3,नांदसी,91,राजकीय उच्च माध्यमिक विद्यालय कमरा नं.-06 नान्दसी,3,राकेश चौधरी,Rakesh Choudhary,पिता,कैलाश चंद,9,26,M,RJ/14/100508,1
GP14,नांदसी आंशिक,4,नांदसी,92,राजकीय उच्च माध्यमिक विद्यालय कमरा नं.-07 नान्दसी,1,राकेश चौधरी,Rakesh Choudhary,पिता,कैलाश चंद,12,26,M,RJ/14/100509,1
GP14,नांदसी आंशिक,4,नांदसी,92,राजकीय उच्च माध्यमिक विद्यालय कमरा नं.-07 नान्दसी,2,पूजा चौधरी,Pooja Choudhary,पति,राकेश चौधरी,13,24,F,RJ/14/100510,1
GP14,नांदसी आंशिक,4,नांदसी,92,राजकीय उच्च माध्यमिक विद्यालय कमरा नं.-07 नान्दसी,3,दिनेश गुर्जर,Dinesh Gurjar,पिता,हरदेव गुर्जर,12,34,M,RJ/14/100511,1
GP14,नांदसी आंशिक,5,कुरथल,93,राजकीय उच्च माध्यमिक विद्यालय कमरा नं.-08 नान्दसी,1,दिनेश गुर्जर,Dinesh Gurjar,पिता,हरदेव गुर्जर,15,34,M,RJ/14/100512,1
GP14,नांदसी आंशिक,5,कुरथल,93,राजकीय उच्च माध्यमिक विद्यालय कमरा नं.-08 नान्दसी,2,सुशीला गुर्जर,Sushila Gurjar,पति,दिनेश गुर्जर,16,31,F,RJ/14/100513,1
GP14,नांदसी आंशिक,5,कुरथल,93,राजकीय उच्च माध्यमिक विद्यालय कमरा नं.-08 नान्दसी,3,भागचंद रेगर,Bhagchand Regar,पिता,लादू राम,15,47,M,RJ/14/100514,1
GP14,नांदसी आंशिक,6,कुरथल,89,राजकीय उच्च माध्यमिक विद्यालय कमरा नं.-03 नान्दसी,1,भागचंद रेगर,Bhagchand Regar,पिता,लादू राम,18,47,M,RJ/14/100515,1
GP14,नांदसी आंशिक,6,कुरथल,89,राजकीय उच्च माध्यमिक विद्यालय कमरा नं.-03 नान्दसी,2,प्रेम देवी,Prem Devi,पति,भागचंद रेगर,19,44,F,RJ/14/100516,1
GP14,नांदसी आंशिक,6,कुरथल,89,राजकीय उच्च माध्यमिक विद्यालय कमरा नं.-03 नान्दसी,3,मुकेश जाट,Mukesh Jat,पिता,रामदेव,18,29,M,RJ/14/100517,1
GP14,नांदसी आंशिक,7,कुरथल,90,राजकीय उच्च माध्यमिक विद्यालय कमरा नं.-05 नान्दसी,1,मुकेश जाट,Mukesh Jat,पिता,रामदेव,21,29,M,RJ/14/100518,1
GP14,नांदसी आंशिक,7,कुरथल,90,राजकीय उच्च माध्यमिक विद्यालय कमरा नं.-05 नान्दसी,2,ममता जाट,Mamta Jat,पति,मुकेश जाट,22,27,F,RJ/14/100519,1
GP14,नांदसी आंशिक,7,कुरथल,90,राजकीय उच्च माध्यमिक विद्यालय कमरा नं.-05 नान्दसी,3,शांति लाल जैन,Shanti Lal Jain,पिता,शान्ति स्वरूप,21,63,M,RJ/14/100520,1
GP15,नागोला,1,बडला उर्फ काला तालाब,85,राजकीय उच्च माध्यमिक विद्यालय कमरा नं.-01 नागोला,1,सुरेश कुमार,Suresh Kumar,पिता,रामेश्वर लाल,3,22,M,RJ/15/100521,1
GP15,नागोला,1,बडला उर्फ काला तालाब,85,राजकीय उच्च माध्यमिक विद्यालय कमरा नं.-01 नागोला,2,मंजू देवी,Manju Devi,पति,सुरेश कुमार,4,21,F,RJ/15/100522,1
GP15,नागोला,1,बडला उर्फ काला तालाब,85,राजकीय उच्च माध्यमिक विद्यालय कमरा नं.-01 नागोला,3,गोपाल वैष्णव,Gopal Vaishnav,पिता,मदन लाल,3,38,M,RJ/15/100523,1
GP15,नागोला,2,बडला उर्फ काला तालाब,86,राजकीय उच्च माध्यमिक विद्यालय कमरा नं.-02 नागोला,1,गोपाल वैष्णव,Gopal Vaishnav,पिता,मदन लाल,6,38,M,RJ/15/100524,1
GP15,नागोला,2,बडला उर्फ काला तालाब,86,राजकीय उच्च माध्यमिक विद्यालय कमरा नं.-02 नागोला,2,अनिता वैष्णव,Anita Vaishnav,पति,गोपाल वैष्णव,7,35,F,RJ/15/100525,1
GP15,नागोला,2,बडला उर्फ काला तालाब,86,राजकीय उच्च माध्यमिक विद्यालय कमरा नं.-02 नागोला,3,कैलाश चंद,Kailash Chand,पिता,रूघनाथ राम,6,52,M,RJ/15/100526,1
GP15,नागोला,3,बडला उर्फ काला तालाब,87,राजकीय उच्च माध्यमिक विद्यालय कमरा नं.-03 नागोला,1,कैलाश चंद,Kailash Chand,पिता,रूघनाथ राम,9,52,M,RJ/15/100527,1
GP15,नागोला,3,बडला उर्फ काला तालाब,87,राजकीय उच्च माध्यमिक विद्यालय कमरा नं.-03 नागोला,2,कमला देवी,Kamla Devi,पति,कैलाश चंद,10,48,F,RJ/15/100528,1
GP15,नागोला,3,बडला उर्फ काला तालाब,87,राजकीय उच्च माध्यमिक विद्यालय कमरा नं.-03 नागोला,3,राकेश चौधरी,Rakesh Choudhary,पिता,कैलाश चंद,9,26,M,RJ/15/100529,1
GP15,नागोला,4,बडला उर्फ काला तालाब,88,राजकीय उच्च माध्यमिक विद्यालय कमरा नं.-04 नागोला,1,राकेश चौधरी,Rakesh Choudhary,पिता,कैलाश चंद,12,26,M,RJ/15/100530,1
GP15,नागोला,4,बडला उर्फ काला तालाब,88,राजकीय उच्च माध्यमिक विद्यालय कमरा नं.-04 नागोला,2,पूजा चौधरी,Pooja Choudhary,पति,राकेश चौधरी,13,24,F,RJ/15/100531,1
GP15,नागोला,4,बडला उर्फ काला तालाब,88,राजकीय उच्च माध्यमिक विद्यालय कमरा नं.-04 नागोला,3,दिनेश गुर्जर,Dinesh Gurjar,पिता,हरदेव गुर्जर,12,34,M,RJ/15/100532,1
GP15,नागोला,5,नागोला,85,राजकीय उच्च माध्यमिक विद्यालय कमरा नं.-01 नागोला,1,दिनेश गुर्जर,Dinesh Gurjar,पिता,हरदेव गुर्जर,15,34,M,RJ/15/100533,1
GP15,नागोला,5,नागोला,85,राजकीय उच्च माध्यमिक विद्यालय कमरा नं.-01 नागोला,2,सुशीला गुर्जर,Sushila Gurjar,पति,दिनेश गुर्जर,16,31,F,RJ/15/100534,1
GP15,नागोला,5,नागोला,85,राजकीय उच्च माध्यमिक विद्यालय कमरा नं.-01 नागोला,3,भागचंद रेगर,Bhagchand Regar,पिता,लादू राम,15,47,M,RJ/15/100535,1
GP15,नागोला,6,नागोला,86,राजकीय उच्च माध्यमिक विद्यालय कमरा नं.-02 नागोला,1,भागचंद रेगर,Bhagchand Regar,पिता,लादू राम,18,47,M,RJ/15/100536,1
GP15,नागोला,6,नागोला,86,राजकीय उच्च माध्यमिक विद्यालय कमरा नं.-02 नागोला,2,प्रेम देवी,Prem Devi,पति,भागचंद रेगर,19,44,F,RJ/15/100537,1
GP15,नागोला,6,नागोला,86,राजकीय उच्च माध्यमिक विद्यालय कमरा नं.-02 नागोला,3,मुकेश जाट,Mukesh Jat,पिता,रामदेव,18,29,M,RJ/15/100538,1
GP15,नागोला,7,नागोला,87,राजकीय उच्च माध्यमिक विद्यालय कमरा नं.-03 नागोला,1,मुकेश जाट,Mukesh Jat,पिता,रामदेव,21,29,M,RJ/15/100539,1
GP15,नागोला,7,नागोला,87,राजकीय उच्च माध्यमिक विद्यालय कमरा नं.-03 नागोला,2,ममता जाट,Mamta Jat,पति,मुकेश जाट,22,27,F,RJ/15/100540,1
GP15,नागोला,7,नागोला,87,राजकीय उच्च माध्यमिक विद्यालय कमरा नं.-03 नागोला,3,शांति लाल जैन,Shanti Lal Jain,पिता,शान्ति स्वरूप,21,63,M,RJ/15/100541,1
GP15,नागोला,8,नागोला,88,राजकीय उच्च माध्यमिक विद्यालय कमरा नं.-04 नागोला,1,शांति लाल जैन,Shanti Lal Jain,पिता,शान्ति स्वरूप,24,63,M,RJ/15/100542,1
GP15,नागोला,8,नागोला,88,राजकीय उच्च माध्यमिक विद्यालय कमरा नं.-04 नागोला,2,सविता जैन,Savita Jain,पति,शांति लाल जैन,25,59,F,RJ/15/100543,1
GP15,नागोला,8,नागोला,88,राजकीय उच्च माध्यमिक विद्यालय कमरा नं.-04 नागोला,3,राजेंद्र शर्मा,Rajendra Sharma,पिता,कल्याण सहाय,24,50,M,RJ/15/100544,1
GP15,नागोला,9,नागोला,85,राजकीय उच्च माध्यमिक विद्यालय कमरा नं.-01 नागोला,1,राजेंद्र शर्मा,Rajendra Sharma,पिता,कल्याण सहाय,27,50,M,RJ/15/100545,1
GP15,नागोला,9,नागोला,85,राजकीय उच्च माध्यमिक विद्यालय कमरा नं.-01 नागोला,2,सुनीता शर्मा,Sunita Sharma,पति,राजेंद्र शर्मा,28,46,F,RJ/15/100546,1
GP15,नागोला,9,नागोला,85,राजकीय उच्च माध्यमिक विद्यालय कमरा नं.-01 नागोला,3,रामेश्वर लाल,Rameshwar Lal,पिता,सुखदेव जी,27,45,M,RJ/15/100547,1
GP15,नागोला,10,नागोला,86,राजकीय उच्च माध्यमिक विद्यालय कमरा नं.-02 नागोला,1,रामेश्वर लाल,Rameshwar Lal,पिता,सुखदेव जी,30,45,M,RJ/15/100548,1
GP15,नागोला,10,नागोला,86,राजकीय उच्च माध्यमिक विद्यालय कमरा नं.-02 नागोला,2,कौशल्या देवी,Kaushalya Devi,पति,रामेश्वर लाल,31,41,F,RJ/15/100549,1
GP15,नागोला,10,नागोला,86,राजकीय उच्च माध्यमिक विद्यालय कमरा नं.-02 नागोला,3,सुरेश कुमार,Suresh Kumar,पिता,रामेश्वर लाल,30,22,M,RJ/15/100550,1
GP15,नागोला,11,बालापुरा,87,राजकीय उच्च माध्यमिक विद्यालय कमरा नं.-03 नागोला,1,सुरेश कुमार,Suresh Kumar,पिता,रामेश्वर लाल,33,22,M,RJ/15/100551,1
GP15,नागोला,11,बालापुरा,87,राजकीय उच्च माध्यमिक विद्यालय कमरा नं.-03 नागोला,2,मंजू देवी,Manju Devi,पति,सुरेश कुमार,34,21,F,RJ/15/100552,1
GP15,नागोला,11,बालापुरा,87,राजकीय उच्च माध्यमिक विद्यालय कमरा नं.-03 नागोला,3,गोपाल वैष्णव,Gopal Vaishnav,पिता,मदन लाल,33,38,M,RJ/15/100553,1
GP15,नागोला,12,बालापुरा,88,राजकीय उच्च माध्यमिक विद्यालय कमरा नं.-04 नागोला,1,गोपाल वैष्णव,Gopal Vaishnav,पिता,मदन लाल,36,38,M,RJ/15/100554,1
GP15,नागोला,12,बालापुरा,88,राजकीय उच्च माध्यमिक विद्यालय कमरा नं.-04 नागोला,2,अनिता वैष्णव,Anita Vaishnav,पति,गोपाल वैष्णव,37,35,F,RJ/15/100555,1
GP15,नागोला,12,बालापुरा,88,राजकीय उच्च माध्यमिक विद्यालय कमरा नं.-04 नागोला,3,कैलाश चंद,Kailash Chand,पिता,रूघनाथ राम,36,52,M,RJ/15/100556,1
GP15,नागोला,13,सपनी खेड़ा,85,राजकीय उच्च माध्यमिक विद्यालय कमरा नं.-01 नागोला,1,कैलाश चंद,Kailash Chand,पिता,रूघनाथ राम,39,52,M,RJ/15/100557,1
GP15,नागोला,13,सपनी खेड़ा,85,राजकीय उच्च माध्यमिक विद्यालय कमरा नं.-01 नागोला,2,कमला देवी,Kamla Devi,पति,कैलाश चंद,40,48,F,RJ/15/100558,1
GP15,नागोला,13,सपनी खेड़ा,85,राजकीय उच्च माध्यमिक विद्यालय कमरा नं.-01 नागोला,3,राकेश चौधरी,Rakesh Choudhary,पिता,कैलाश चंद,39,26,M,RJ/15/100559,1
GP16,पड़ांगा,1,अर्जुनपुरा,94,राजकीय उच्च माध्यमिक विद्यालय कमरा नं.-10 पडांगा,1,सुरेश कुमार,Suresh Kumar,पिता,रामेश्वर लाल,3,22,M,RJ/16/100560,1
GP16,पड़ांगा,1,अर्जुनपुरा,94,राजकीय उच्च माध्यमिक विद्यालय कमरा नं.-10 पडांगा,2,मंजू देवी,Manju Devi,पति,सुरेश कुमार,4,21,F,RJ/16/100561,1
GP16,पड़ांगा,1,अर्जुनपुरा,94,राजकीय उच्च माध्यमिक विद्यालय कमरा नं.-10 पडांगा,3,गोपाल वैष्णव,Gopal Vaishnav,पिता,मदन लाल,3,38,M,RJ/16/100562,1
GP16,पड़ांगा,2,अर्जुनपुरा,95,राजकीय उच्च माध्यमिक विद्यालय कमरा नं.-13 पडांगा,1,गोपाल वैष्णव,Gopal Vaishnav,पिता,मदन लाल,6,38,M,RJ/16/100563,1
GP16,पड़ांगा,2,अर्जुनपुरा,95,राजकीय उच्च माध्यमिक विद्यालय कमरा नं.-13 पडांगा,2,अनिता वैष्णव,Anita Vaishnav,पति,गोपाल वैष्णव,7,35,F,RJ/16/100564,1
GP16,पड़ांगा,2,अर्जुनपुरा,95,राजकीय उच्च माध्यमिक विद्यालय कमरा नं.-13 पडांगा,3,कैलाश चंद,Kailash Chand,पिता,रूघनाथ राम,6,52,M,RJ/16/100565,1
GP16,पड़ांगा,3,पडांगा,96,राजकीय उच्च माध्यमिक विद्यालय कमरा नं.-14 पडांगा,1,कैलाश चंद,Kailash Chand,पिता,रूघनाथ राम,9,52,M,RJ/16/100566,1
GP16,पड़ांगा,3,पडांगा,96,राजकीय उच्च माध्यमिक विद्यालय कमरा नं.-14 पडांगा,2,कमला देवी,Kamla Devi,पति,कैलाश चंद,10,48,F,RJ/16/100567,1
GP16,पड़ांगा,3,पडांगा,96,राजकीय उच्च माध्यमिक विद्यालय कमरा नं.-14 पडांगा,3,राकेश चौधरी,Rakesh Choudhary,पिता,कैलाश चंद,9,26,M,RJ/16/100568,1
GP16,पड़ांगा,4,पडांगा,94,राजकीय उच्च माध्यमिक विद्यालय कमरा नं.-10 पडांगा,1,राकेश चौधरी,Rakesh Choudhary,पिता,कैलाश चंद,12,26,M,RJ/16/100569,1
GP16,पड़ांगा,4,पडांगा,94,राजकीय उच्च माध्यमिक विद्यालय कमरा नं.-10 पडांगा,2,पूजा चौधरी,Pooja Choudhary,पति,राकेश चौधरी,13,24,F,RJ/16/100570,1
GP16,पड़ांगा,4,पडांगा,94,राजकीय उच्च माध्यमिक विद्यालय कमरा नं.-10 पडांगा,3,दिनेश गुर्जर,Dinesh Gurjar,पिता,हरदेव गुर्जर,12,34,M,RJ/16/100571,1
GP16,पड़ांगा,5,पडांगा,95,राजकीय उच्च माध्यमिक विद्यालय कमरा नं.-13 पडांगा,1,दिनेश गुर्जर,Dinesh Gurjar,पिता,हरदेव गुर्जर,15,34,M,RJ/16/100572,1
GP16,पड़ांगा,5,पडांगा,95,राजकीय उच्च माध्यमिक विद्यालय कमरा नं.-13 पडांगा,2,सुशीला गुर्जर,Sushila Gurjar,पति,दिनेश गुर्जर,16,31,F,RJ/16/100573,1
GP16,पड़ांगा,5,पडांगा,95,राजकीय उच्च माध्यमिक विद्यालय कमरा नं.-13 पडांगा,3,भागचंद रेगर,Bhagchand Regar,पिता,लादू राम,15,47,M,RJ/16/100574,1
GP16,पड़ांगा,6,पडांगा,96,राजकीय उच्च माध्यमिक विद्यालय कमरा नं.-14 पडांगा,1,भागचंद रेगर,Bhagchand Regar,पिता,लादू राम,18,47,M,RJ/16/100575,1
GP16,पड़ांगा,6,पडांगा,96,राजकीय उच्च माध्यमिक विद्यालय कमरा नं.-14 पडांगा,2,प्रेम देवी,Prem Devi,पति,भागचंद रेगर,19,44,F,RJ/16/100576,1
GP16,पड़ांगा,6,पडांगा,96,राजकीय उच्च माध्यमिक विद्यालय कमरा नं.-14 पडांगा,3,मुकेश जाट,Mukesh Jat,पिता,रामदेव,18,29,M,RJ/16/100577,1
GP16,पड़ांगा,7,सवाईपुरा,94,राजकीय उच्च माध्यमिक विद्यालय कमरा नं.-10 पडांगा,1,मुकेश जाट,Mukesh Jat,पिता,रामदेव,21,29,M,RJ/16/100578,1
GP16,पड़ांगा,7,सवाईपुरा,94,राजकीय उच्च माध्यमिक विद्यालय कमरा नं.-10 पडांगा,2,ममता जाट,Mamta Jat,पति,मुकेश जाट,22,27,F,RJ/16/100579,1
GP16,पड़ांगा,7,सवाईपुरा,94,राजकीय उच्च माध्यमिक विद्यालय कमरा नं.-10 पडांगा,3,शांति लाल जैन,Shanti Lal Jain,पिता,शान्ति स्वरूप,21,63,M,RJ/16/100580,1
GP17,पाडलिया,1,मुण्डियाखेडा,97,राजकीय उच्च माध्यमिक विद्यालय कमरा नं.-01 पाडलिया,1,सुरेश कुमार,Suresh Kumar,पिता,रामेश्वर लाल,3,22,M,RJ/17/100581,1
GP17,पाडलिया,1,मुण्डियाखेडा,97,राजकीय उच्च माध्यमिक विद्यालय कमरा नं.-01 पाडलिया,2,मंजू देवी,Manju Devi,पति,सुरेश कुमार,4,21,F,RJ/17/100582,1
GP17,पाडलिया,1,मुण्डियाखेडा,97,राजकीय उच्च माध्यमिक विद्यालय कमरा नं.-01 पाडलिया,3,गोपाल वैष्णव,Gopal Vaishnav,पिता,मदन लाल,3,38,M,RJ/17/100583,1
GP17,पाडलिया,2,चावण्डिया,98,राजकीय उच्च माध्यमिक विद्यालय कमरा नं.-04 पाडलिया,1,गोपाल वैष्णव,Gopal Vaishnav,पिता,मदन लाल,6,38,M,RJ/17/100584,1
GP17,पाडलिया,2,चावण्डिया,98,राजकीय उच्च माध्यमिक विद्यालय कमरा नं.-04 पाडलिया,2,अनिता वैष्णव,Anita Vaishnav,पति,गोपाल वैष्णव,7,35,F,RJ/17/100585,1
GP17,पाडलिया,2,चावण्डिया,98,राजकीय उच्च माध्यमिक विद्यालय कमरा नं.-04 पाडलिया,3,कैलाश चंद,Kailash Chand,पिता,रूघनाथ राम,6,52,M,RJ/17/100586,1
GP17,पाडलिया,3,चावण्डिया,99,राजकीय उच्च माध्यमिक विद्यालय कमरा नं.-05 पाडलिया,1,कैलाश चंद,Kailash Chand,पिता,रूघनाथ राम,9,52,M,RJ/17/100587,1
GP17,पाडलिया,3,चावण्डिया,99,राजकीय उच्च माध्यमिक विद्यालय कमरा नं.-05 पाडलिया,2,कमला देवी,Kamla Devi,पति,कैलाश चंद,10,48,F,RJ/17/100588,1
GP17,पाडलिया,3,चावण्डिया,99,राजकीय उच्च माध्यमिक विद्यालय कमरा नं.-05 पाडलिया,3,राकेश चौधरी,Rakesh Choudhary,पिता,कैलाश चंद,9,26,M,RJ/17/100589,1
GP17,पाडलिया,4,पाडलिया,97,राजकीय उच्च माध्यमिक विद्यालय कमरा नं.-01 पाडलिया,1,राकेश चौधरी,Rakesh Choudhary,पिता,कैलाश चंद,12,26,M,RJ/17/100590,1
GP17,पाडलिया,4,पाडलिया,97,राजकीय उच्च माध्यमिक विद्यालय कमरा नं.-01 पाडलिया,2,पूजा चौधरी,Pooja Choudhary,पति,राकेश चौधरी,13,24,F,RJ/17/100591,1
GP17,पाडलिया,4,पाडलिया,97,राजकीय उच्च माध्यमिक विद्यालय कमरा नं.-01 पाडलिया,3,दिनेश गुर्जर,Dinesh Gurjar,पिता,हरदेव गुर्जर,12,34,M,RJ/17/100592,1
GP17,पाडलिया,5,पाडलिया,98,राजकीय उच्च माध्यमिक विद्यालय कमरा नं.-04 पाडलिया,1,दिनेश गुर्जर,Dinesh Gurjar,पिता,हरदेव गुर्जर,15,34,M,RJ/17/100593,1
GP17,पाडलिया,5,पाडलिया,98,राजकीय उच्च माध्यमिक विद्यालय कमरा नं.-04 पाडलिया,2,सुशीला गुर्जर,Sushila Gurjar,पति,दिनेश गुर्जर,16,31,F,RJ/17/100594,1
GP17,पाडलिया,5,पाडलिया,98,राजकीय उच्च माध्यमिक विद्यालय कमरा नं.-04 पाडलिया,3,भागचंद रेगर,Bhagchand Regar,पिता,लादू राम,15,47,M,RJ/17/100595,1
GP17,पाडलिया,6,पाडलिया,99,राजकीय उच्च माध्यमिक विद्यालय कमरा नं.-05 पाडलिया,1,भागचंद रेगर,Bhagchand Regar,पिता,लादू राम,18,47,M,RJ/17/100596,1
GP17,पाडलिया,6,पाडलिया,99,राजकीय उच्च माध्यमिक विद्यालय कमरा नं.-05 पाडलिया,2,प्रेम देवी,Prem Devi,पति,भागचंद रेगर,19,44,F,RJ/17/100597,1
GP17,पाडलिया,6,पाडलिया,99,राजकीय उच्च माध्यमिक विद्यालय कमरा नं.-05 पाडलिया,3,मुकेश जाट,Mukesh Jat,पिता,रामदेव,18,29,M,RJ/17/100598,1
GP17,पाडलिया,7,पाडलिया,97,राजकीय उच्च माध्यमिक विद्यालय कमरा नं.-01 पाडलिया,1,मुकेश जाट,Mukesh Jat,पिता,रामदेव,21,29,M,RJ/17/100599,1
GP17,पाडलिया,7,पाडलिया,97,राजकीय उच्च माध्यमिक विद्यालय कमरा नं.-01 पाडलिया,2,ममता जाट,Mamta Jat,पति,मुकेश जाट,22,27,F,RJ/17/100600,1
GP17,पाडलिया,7,पाडलिया,97,राजकीय उच्च माध्यमिक विद्यालय कमरा नं.-01 पाडलिया,3,शांति लाल जैन,Shanti Lal Jain,पिता,शान्ति स्वरूप,21,63,M,RJ/17/100601,1
GP17,पाडलिया,8,गोरधनपुरा,98,राजकीय उच्च माध्यमिक विद्यालय कमरा नं.-04 पाडलिया,1,शांति लाल जैन,Shanti Lal Jain,पिता,शान्ति स्वरूप,24,63,M,RJ/17/100602,1
GP17,पाडलिया,8,गोरधनपुरा,98,राजकीय उच्च माध्यमिक विद्यालय कमरा नं.-04 पाडलिया,2,सविता जैन,Savita Jain,पति,शांति लाल जैन,25,59,F,RJ/17/100603,1
GP17,पाडलिया,8,गोरधनपुरा,98,राजकीय उच्च माध्यमिक विद्यालय कमरा नं.-04 पाडलिया,3,राजेंद्र शर्मा,Rajendra Sharma,पिता,कल्याण सहाय,24,50,M,RJ/17/100604,1
GP17,पाडलिया,9,बिलिया,99,राजकीय उच्च माध्यमिक विद्यालय कमरा नं.-05 पाडलिया,1,राजेंद्र शर्मा,Rajendra Sharma,पिता,कल्याण सहाय,27,50,M,RJ/17/100605,1
GP17,पाडलिया,9,बिलिया,99,राजकीय उच्च माध्यमिक विद्यालय कमरा नं.-05 पाडलिया,2,सुनीता शर्मा,Sunita Sharma,पति,राजेंद्र शर्मा,28,46,F,RJ/17/100606,1
GP17,पाडलिया,9,बिलिया,99,राजकीय उच्च माध्यमिक विद्यालय कमरा नं.-05 पाडलिया,3,रामेश्वर लाल,Rameshwar Lal,पिता,सुखदेव जी,27,45,M,RJ/17/100607,1
GP18,बगराई,1,खेडी,10,पीएमश्री राजकीय उच्च माध्यमिक विद्यालय कमरा नं.-03 बगराई,1,सुरेश कुमार,Suresh Kumar,पिता,रामेश्वर लाल,3,22,M,RJ/18/100608,1
GP18,बगराई,1,खेडी,10,पीएमश्री राजकीय उच्च माध्यमिक विद्यालय कमरा नं.-03 बगराई,2,मंजू देवी,Manju Devi,पति,सुरेश कुमार,4,21,F,RJ/18/100609,1
GP18,बगराई,1,खेडी,10,पीएमश्री राजकीय उच्च माध्यमिक विद्यालय कमरा नं.-03 बगराई,3,गोपाल वैष्णव,Gopal Vaishnav,पिता,मदन लाल,3,38,M,RJ/18/100610,1
GP18,बगराई,2,खेडी,11,पीएमश्री राजकीय उच्च माध्यमिक विद्यालय कमरा नं.-04 बगराई,1,गोपाल वैष्णव,Gopal Vaishnav,पिता,मदन लाल,6,38,M,RJ/18/100611,1
GP18,बगराई,2,खेडी,11,पीएमश्री राजकीय उच्च माध्यमिक विद्यालय कमरा नं.-04 बगराई,2,अनिता वैष्णव,Anita Vaishnav,पति,गोपाल वैष्णव,7,35,F,RJ/18/100612,1
GP18,बगराई,2,खेडी,11,पीएमश्री राजकीय उच्च माध्यमिक विद्यालय कमरा नं.-04 बगराई,3,कैलाश चंद,Kailash Chand,पिता,रूघनाथ राम,6,52,M,RJ/18/100613,1
GP18,बगराई,3,खेडी,10,पीएमश्री राजकीय उच्च माध्यमिक विद्यालय कमरा नं.-03 बगराई,1,कैलाश चंद,Kailash Chand,पिता,रूघनाथ राम,9,52,M,RJ/18/100614,1
GP18,बगराई,3,खेडी,10,पीएमश्री राजकीय उच्च माध्यमिक विद्यालय कमरा नं.-03 बगराई,2,कमला देवी,Kamla Devi,पति,कैलाश चंद,10,48,F,RJ/18/100615,1
GP18,बगराई,3,खेडी,10,पीएमश्री राजकीय उच्च माध्यमिक विद्यालय कमरा नं.-03 बगराई,3,राकेश चौधरी,Rakesh Choudhary,पिता,कैलाश चंद,9,26,M,RJ/18/100616,1
GP18,बगराई,4,बगराई,11,पीएमश्री राजकीय उच्च माध्यमिक विद्यालय कमरा नं.-04 बगराई,1,राकेश चौधरी,Rakesh Choudhary,पिता,कैलाश चंद,12,26,M,RJ/18/100617,1
GP18,बगराई,4,बगराई,11,पीएमश्री राजकीय उच्च माध्यमिक विद्यालय कमरा नं.-04 बगराई,2,पूजा चौधरी,Pooja Choudhary,पति,राकेश चौधरी,13,24,F,RJ/18/100618,1
GP18,बगराई,4,बगराई,11,पीएमश्री राजकीय उच्च माध्यमिक विद्यालय कमरा नं.-04 बगराई,3,दिनेश गुर्जर,Dinesh Gurjar,पिता,हरदेव गुर्जर,12,34,M,RJ/18/100619,1
GP18,बगराई,5,बगराई,10,पीएमश्री राजकीय उच्च माध्यमिक विद्यालय कमरा नं.-03 बगराई,1,दिनेश गुर्जर,Dinesh Gurjar,पिता,हरदेव गुर्जर,15,34,M,RJ/18/100620,1
GP18,बगराई,5,बगराई,10,पीएमश्री राजकीय उच्च माध्यमिक विद्यालय कमरा नं.-03 बगराई,2,सुशीला गुर्जर,Sushila Gurjar,पति,दिनेश गुर्जर,16,31,F,RJ/18/100621,1
GP18,बगराई,5,बगराई,10,पीएमश्री राजकीय उच्च माध्यमिक विद्यालय कमरा नं.-03 बगराई,3,भागचंद रेगर,Bhagchand Regar,पिता,लादू राम,15,47,M,RJ/18/100622,1
GP18,बगराई,6,बगराई,11,पीएमश्री राजकीय उच्च माध्यमिक विद्यालय कमरा नं.-04 बगराई,1,भागचंद रेगर,Bhagchand Regar,पिता,लादू राम,18,47,M,RJ/18/100623,1
GP18,बगराई,6,बगराई,11,पीएमश्री राजकीय उच्च माध्यमिक विद्यालय कमरा नं.-04 बगराई,2,प्रेम देवी,Prem Devi,पति,भागचंद रेगर,19,44,F,RJ/18/100624,1
GP18,बगराई,6,बगराई,11,पीएमश्री राजकीय उच्च माध्यमिक विद्यालय कमरा नं.-04 बगराई,3,मुकेश जाट,Mukesh Jat,पिता,रामदेव,18,29,M,RJ/18/100625,1
GP18,बगराई,7,बगराई,10,पीएमश्री राजकीय उच्च माध्यमिक विद्यालय कमरा नं.-03 बगराई,1,मुकेश जाट,Mukesh Jat,पिता,रामदेव,21,29,M,RJ/18/100626,1
GP18,बगराई,7,बगराई,10,पीएमश्री राजकीय उच्च माध्यमिक विद्यालय कमरा नं.-03 बगराई,2,ममता जाट,Mamta Jat,पति,मुकेश जाट,22,27,F,RJ/18/100627,1
GP18,बगराई,7,बगराई,10,पीएमश्री राजकीय उच्च माध्यमिक विद्यालय कमरा नं.-03 बगराई,3,शांति लाल जैन,Shanti Lal Jain,पिता,शान्ति स्वरूप,21,63,M,RJ/18/100628,1
GP19,बड़गांव,1,केरियाखुर्द,1,राजकीय उच्च माध्यमिक विद्यालय कमरा नं.-02 बडगांव,1,सुरेश कुमार,Suresh Kumar,पिता,रामेश्वर लाल,3,22,M,RJ/19/100629,1
GP19,बड़गांव,1,केरियाखुर्द,1,राजकीय उच्च माध्यमिक विद्यालय कमरा नं.-02 बडगांव,2,मंजू देवी,Manju Devi,पति,सुरेश कुमार,4,21,F,RJ/19/100630,1
GP19,बड़गांव,1,केरियाखुर्द,1,राजकीय उच्च माध्यमिक विद्यालय कमरा नं.-02 बडगांव,3,गोपाल वैष्णव,Gopal Vaishnav,पिता,मदन लाल,3,38,M,RJ/19/100631,1
GP19,बड़गांव,1,केरियाखुर्द,1,राजकीय उच्च माध्यमिक विद्यालय कमरा नं.-02 बडगांव,4,अनिता वैष्णव,Anita Vaishnav,पति,गोपाल वैष्णव,4,35,F,RJ/19/100632,1
GP19,बड़गांव,1,केरियाखुर्द,1,राजकीय उच्च माध्यमिक विद्यालय कमरा नं.-02 बडगांव,5,कैलाश चंद,Kailash Chand,पिता,रूघनाथ राम,3,52,M,RJ/19/100633,1
GP19,बड़गांव,2,केरियाखुर्द,2,राजकीय उच्च माध्यमिक विद्यालय कमरा नं.-10 बडगांव,1,गोपाल वैष्णव,Gopal Vaishnav,पिता,मदन लाल,6,38,M,RJ/19/100634,1
GP19,बड़गांव,2,केरियाखुर्द,2,राजकीय उच्च माध्यमिक विद्यालय कमरा नं.-10 बडगांव,2,अनिता वैष्णव,Anita Vaishnav,पति,गोपाल वैष्णव,7,35,F,RJ/19/100635,1
GP19,बड़गांव,2,केरियाखुर्द,2,राजकीय उच्च माध्यमिक विद्यालय कमरा नं.-10 बडगांव,3,कैलाश चंद,Kailash Chand,पिता,रूघनाथ राम,6,52,M,RJ/19/100636,1
GP19,बड़गांव,2,केरियाखुर्द,2,राजकीय उच्च माध्यमिक विद्यालय कमरा नं.-10 बडगांव,4,कमला देवी,Kamla Devi,पति,कैलाश चंद,7,48,F,RJ/19/100637,1
GP19,बड़गांव,2,केरियाखुर्द,2,राजकीय उच्च माध्यमिक विद्यालय कमरा नं.-10 बडगांव,5,राकेश चौधरी,Rakesh Choudhary,पिता,कैलाश चंद,6,26,M,RJ/19/100638,1
GP19,बड़गांव,3,केरियाखुर्द,3,राजकीय उच्च माध्यमिक विद्यालय कमरा नं.-11 बडगांव,1,कैलाश चंद,Kailash Chand,पिता,रूघनाथ राम,9,52,M,RJ/19/100639,1
GP19,बड़गांव,3,केरियाखुर्द,3,राजकीय उच्च माध्यमिक विद्यालय कमरा नं.-11 बडगांव,2,कमला देवी,Kamla Devi,पति,कैलाश चंद,10,48,F,RJ/19/100640,1
GP19,बड़गांव,3,केरियाखुर्द,3,राजकीय उच्च माध्यमिक विद्यालय कमरा नं.-11 बडगांव,3,राकेश चौधरी,Rakesh Choudhary,पिता,कैलाश चंद,9,26,M,RJ/19/100641,1
GP19,बड़गांव,3,केरियाखुर्द,3,राजकीय उच्च माध्यमिक विद्यालय कमरा नं.-11 बडगांव,4,पूजा चौधरी,Pooja Choudhary,पति,राकेश चौधरी,10,24,F,RJ/19/100642,1
GP19,बड़गांव,3,केरियाखुर्द,3,राजकीय उच्च माध्यमिक विद्यालय कमरा नं.-11 बडगांव,5,दिनेश गुर्जर,Dinesh Gurjar,पिता,हरदेव गुर्जर,9,34,M,RJ/19/100643,1
GP19,बड़गांव,4,केरियाखुर्द,4,राजकीय उच्च माध्यमिक विद्यालय कमरा नं.-12 बडगांव,1,राकेश चौधरी,Rakesh Choudhary,पिता,कैलाश चंद,12,26,M,RJ/19/100644,1
GP19,बड़गांव,4,केरियाखुर्द,4,राजकीय उच्च माध्यमिक विद्यालय कमरा नं.-12 बडगांव,2,पूजा चौधरी,Pooja Choudhary,पति,राकेश चौधरी,13,24,F,RJ/19/100645,1
GP19,बड़गांव,4,केरियाखुर्द,4,राजकीय उच्च माध्यमिक विद्यालय कमरा नं.-12 बडगांव,3,दिनेश गुर्जर,Dinesh Gurjar,पिता,हरदेव गुर्जर,12,34,M,RJ/19/100646,1
GP19,बड़गांव,4,केरियाखुर्द,4,राजकीय उच्च माध्यमिक विद्यालय कमरा नं.-12 बडगांव,4,सुशीला गुर्जर,Sushila Gurjar,पति,दिनेश गुर्जर,13,31,F,RJ/19/100647,1
GP19,बड़गांव,4,केरियाखुर्द,4,राजकीय उच्च माध्यमिक विद्यालय कमरा नं.-12 बडगांव,5,भागचंद रेगर,Bhagchand Regar,पिता,लादू राम,12,47,M,RJ/19/100648,1
GP19,बड़गांव,5,बडगांव,5,राजकीय उच्च माध्यमिक विद्यालय कमरा नं.-15 बडगांव,1,दिनेश गुर्जर,Dinesh Gurjar,पिता,हरदेव गुर्जर,15,34,M,RJ/19/100649,1
GP19,बड़गांव,5,बडगांव,5,राजकीय उच्च माध्यमिक विद्यालय कमरा नं.-15 बडगांव,2,सुशीला गुर्जर,Sushila Gurjar,पति,दिनेश गुर्जर,16,31,F,RJ/19/100650,1
GP19,बड़गांव,5,बडगांव,5,राजकीय उच्च माध्यमिक विद्यालय कमरा नं.-15 बडगांव,3,भागचंद रेगर,Bhagchand Regar,पिता,लादू राम,15,47,M,RJ/19/100651,1
GP19,बड़गांव,5,बडगांव,5,राजकीय उच्च माध्यमिक विद्यालय कमरा नं.-15 बडगांव,4,प्रेम देवी,Prem Devi,पति,भागचंद रेगर,16,44,F,RJ/19/100652,1
GP19,बड़गांव,5,बडगांव,5,राजकीय उच्च माध्यमिक विद्यालय कमरा नं.-15 बडगांव,5,मुकेश जाट,Mukesh Jat,पिता,रामदेव,15,29,M,RJ/19/100653,1
GP19,बड़गांव,6,बडगांव,1,राजकीय उच्च माध्यमिक विद्यालय कमरा नं.-02 बडगांव,1,भागचंद रेगर,Bhagchand Regar,पिता,लादू राम,18,47,M,RJ/19/100654,1
GP19,बड़गांव,6,बडगांव,1,राजकीय उच्च माध्यमिक विद्यालय कमरा नं.-02 बडगांव,2,प्रेम देवी,Prem Devi,पति,भागचंद रेगर,19,44,F,RJ/19/100655,1
GP19,बड़गांव,6,बडगांव,1,राजकीय उच्च माध्यमिक विद्यालय कमरा नं.-02 बडगांव,3,मुकेश जाट,Mukesh Jat,पिता,रामदेव,18,29,M,RJ/19/100656,1
GP19,बड़गांव,6,बडगांव,1,राजकीय उच्च माध्यमिक विद्यालय कमरा नं.-02 बडगांव,4,ममता जाट,Mamta Jat,पति,मुकेश जाट,19,27,F,RJ/19/100657,1
GP19,बड़गांव,6,बडगांव,1,राजकीय उच्च माध्यमिक विद्यालय कमरा नं.-02 बडगांव,5,शांति लाल जैन,Shanti Lal Jain,पिता,शान्ति स्वरूप,18,63,M,RJ/19/100658,1
GP19,बड़गांव,7,बडगांव,2,राजकीय उच्च माध्यमिक विद्यालय कमरा नं.-10 बडगांव,1,मुकेश जाट,Mukesh Jat,पिता,रामदेव,21,29,M,RJ/19/100659,1
GP19,बड़गांव,7,बडगांव,2,राजकीय उच्च माध्यमिक विद्यालय कमरा नं.-10 बडगांव,2,ममता जाट,Mamta Jat,पति,मुकेश जाट,22,27,F,RJ/19/100660,1
GP19,बड़गांव,7,बडगांव,2,राजकीय उच्च माध्यमिक विद्यालय कमरा नं.-10 बडगांव,3,शांति लाल जैन,Shanti Lal Jain,पिता,शान्ति स्वरूप,21,63,M,RJ/19/100661,1
GP19,बड़गांव,7,बडगांव,2,राजकीय उच्च माध्यमिक विद्यालय कमरा नं.-10 बडगांव,4,सविता जैन,Savita Jain,पति,शांति लाल जैन,22,59,F,RJ/19/100662,1
GP19,बड़गांव,7,बडगांव,2,राजकीय उच्च माध्यमिक विद्यालय कमरा नं.-10 बडगांव,5,राजेंद्र शर्मा,Rajendra Sharma,पिता,कल्याण सहाय,21,50,M,RJ/19/100663,1
GP19,बड़गांव,8,बडगांव,3,राजकीय उच्च माध्यमिक विद्यालय कमरा नं.-11 बडगांव,1,शांति लाल जैन,Shanti Lal Jain,पिता,शान्ति स्वरूप,24,63,M,RJ/19/100664,1
GP19,बड़गांव,8,बडगांव,3,राजकीय उच्च माध्यमिक विद्यालय कमरा नं.-11 बडगांव,2,सविता जैन,Savita Jain,पति,शांति लाल जैन,25,59,F,RJ/19/100665,1
GP19,बड़गांव,8,बडगांव,3,राजकीय उच्च माध्यमिक विद्यालय कमरा नं.-11 बडगांव,3,राजेंद्र शर्मा,Rajendra Sharma,पिता,कल्याण सहाय,24,50,M,RJ/19/100666,1
GP19,बड़गांव,8,बडगांव,3,राजकीय उच्च माध्यमिक विद्यालय कमरा नं.-11 बडगांव,4,सुनीता शर्मा,Sunita Sharma,पति,राजेंद्र शर्मा,25,46,F,RJ/19/100667,1
GP19,बड़गांव,8,बडगांव,3,राजकीय उच्च माध्यमिक विद्यालय कमरा नं.-11 बडगांव,5,रामेश्वर लाल,Rameshwar Lal,पिता,सुखदेव जी,24,45,M,RJ/19/100668,1
GP19,बड़गांव,9,बडगांव,4,राजकीय उच्च माध्यमिक विद्यालय कमरा नं.-12 बडगांव,1,राजेंद्र शर्मा,Rajendra Sharma,पिता,कल्याण सहाय,27,50,M,RJ/19/100669,1
GP19,बड़गांव,9,बडगांव,4,राजकीय उच्च माध्यमिक विद्यालय कमरा नं.-12 बडगांव,2,सुनीता शर्मा,Sunita Sharma,पति,राजेंद्र शर्मा,28,46,F,RJ/19/100670,1
GP19,बड़गांव,9,बडगांव,4,राजकीय उच्च माध्यमिक विद्यालय कमरा नं.-12 बडगांव,3,रामेश्वर लाल,Rameshwar Lal,पिता,सुखदेव जी,27,45,M,RJ/19/100671,1
GP19,बड़गांव,9,बडगांव,4,राजकीय उच्च माध्यमिक विद्यालय कमरा नं.-12 बडगांव,4,कौशल्या देवी,Kaushalya Devi,पति,रामेश्वर लाल,28,41,F,RJ/19/100672,1
GP19,बड़गांव,9,बडगांव,4,राजकीय उच्च माध्यमिक विद्यालय कमरा नं.-12 बडगांव,5,सुरेश कुमार,Suresh Kumar,पिता,रामेश्वर लाल,27,22,M,RJ/19/100673,1
GP19,बड़गांव,10,बडगांव,5,राजकीय उच्च माध्यमिक विद्यालय कमरा नं.-15 बडगांव,1,रामेश्वर लाल,Rameshwar Lal,पिता,सुखदेव जी,30,45,M,RJ/19/100674,1
GP19,बड़गांव,10,बडगांव,5,राजकीय उच्च माध्यमिक विद्यालय कमरा नं.-15 बडगांव,2,कौशल्या देवी,Kaushalya Devi,पति,रामेश्वर लाल,31,41,F,RJ/19/100675,1
GP19,बड़गांव,10,बडगांव,5,राजकीय उच्च माध्यमिक विद्यालय कमरा नं.-15 बडगांव,3,सुरेश कुमार,Suresh Kumar,पिता,रामेश्वर लाल,30,22,M,RJ/19/100676,1
GP19,बड़गांव,10,बडगांव,5,राजकीय उच्च माध्यमिक विद्यालय कमरा नं.-15 बडगांव,4,मंजू देवी,Manju Devi,पति,सुरेश कुमार,31,21,F,RJ/19/100677,1
GP19,बड़गांव,10,बडगांव,5,राजकीय उच्च माध्यमिक विद्यालय कमरा नं.-15 बडगांव,5,गोपाल वैष्णव,Gopal Vaishnav,पिता,मदन लाल,30,38,M,RJ/19/100678,1
GP19,बड़गांव,11,रघुनाथपुरा,1,राजकीय उच्च माध्यमिक विद्यालय कमरा नं.-02 बडगांव,1,सुरेश कुमार,Suresh Kumar,पिता,रामेश्वर लाल,33,22,M,RJ/19/100679,1
GP19,बड़गांव,11,रघुनाथपुरा,1,राजकीय उच्च माध्यमिक विद्यालय कमरा नं.-02 बडगांव,2,मंजू देवी,Manju Devi,पति,सुरेश कुमार,34,21,F,RJ/19/100680,1
GP19,बड़गांव,11,रघुनाथपुरा,1,राजकीय उच्च माध्यमिक विद्यालय कमरा नं.-02 बडगांव,3,गोपाल वैष्णव,Gopal Vaishnav,पिता,मदन लाल,33,38,M,RJ/19/100681,1
GP19,बड़गांव,11,रघुनाथपुरा,1,राजकीय उच्च माध्यमिक विद्यालय कमरा नं.-02 बडगांव,4,अनिता वैष्णव,Anita Vaishnav,पति,गोपाल वैष्णव,34,35,F,RJ/19/100682,1
GP19,बड़गांव,11,रघुनाथपुरा,1,राजकीय उच्च माध्यमिक विद्यालय कमरा नं.-02 बडगांव,5,कैलाश चंद,Kailash Chand,पिता,रूघनाथ राम,33,52,M,RJ/19/100683,1
GP19,बड़गांव,12,रघुनाथपुरा,2,राजकीय उच्च माध्यमिक विद्यालय कमरा नं.-10 बडगांव,1,गोपाल वैष्णव,Gopal Vaishnav,पिता,मदन लाल,36,38,M,RJ/19/100684,1
GP19,बड़गांव,12,रघुनाथपुरा,2,राजकीय उच्च माध्यमिक विद्यालय कमरा नं.-10 बडगांव,2,अनिता वैष्णव,Anita Vaishnav,पति,गोपाल वैष्णव,37,35,F,RJ/19/100685,1
GP19,बड़गांव,12,रघुनाथपुरा,2,राजकीय उच्च माध्यमिक विद्यालय कमरा नं.-10 बडगांव,3,कैलाश चंद,Kailash Chand,पिता,रूघनाथ राम,36,52,M,RJ/19/100686,1
GP19,बड़गांव,12,रघुनाथपुरा,2,राजकीय उच्च माध्यमिक विद्यालय कमरा नं.-10 बडगांव,4,कमला देवी,Kamla Devi,पति,कैलाश चंद,37,48,F,RJ/19/100687,1
GP19,बड़गांव,12,रघुनाथपुरा,2,राजकीय उच्च माध्यमिक विद्यालय कमरा नं.-10 बडगांव,5,राकेश चौधरी,Rakesh Choudhary,पिता,कैलाश चंद,36,26,M,RJ/19/100688,1
GP19,बड़गांव,13,रघुनाथपुरा,3,राजकीय उच्च माध्यमिक विद्यालय कमरा नं.-11 बडगांव,1,कैलाश चंद,Kailash Chand,पिता,रूघनाथ राम,39,52,M,RJ/19/100689,1
GP19,बड़गांव,13,रघुनाथपुरा,3,राजकीय उच्च माध्यमिक विद्यालय कमरा नं.-11 बडगांव,2,कमला देवी,Kamla Devi,पति,कैलाश चंद,40,48,F,RJ/19/100690,1
GP19,बड़गांव,13,रघुनाथपुरा,3,राजकीय उच्च माध्यमिक विद्यालय कमरा नं.-11 बडगांव,3,राकेश चौधरी,Rakesh Choudhary,पिता,कैलाश चंद,39,26,M,RJ/19/100691,1
GP19,बड़गांव,13,रघुनाथपुरा,3,राजकीय उच्च माध्यमिक विद्यालय कमरा नं.-11 बडगांव,4,पूजा चौधरी,Pooja Choudhary,पति,राकेश चौधरी,40,24,F,RJ/19/100692,1
GP19,बड़गांव,13,रघुनाथपुरा,3,राजकीय उच्च माध्यमिक विद्यालय कमरा नं.-11 बडगांव,5,दिनेश गुर्जर,Dinesh Gurjar,पिता,हरदेव गुर्जर,39,34,M,RJ/19/100693,1
GP20,बड़ली,1,बड़ली,6,राजकीय उच्च माध्यमिक विद्यालय कमरा नं.-07 बडली,1,सुरेश कुमार,Suresh Kumar,पिता,रामेश्वर लाल,3,22,M,RJ/20/100694,1
GP20,बड़ली,1,बड़ली,6,राजकीय उच्च माध्यमिक विद्यालय कमरा नं.-07 बडली,2,मंजू देवी,Manju Devi,पति,सुरेश कुमार,4,21,F,RJ/20/100695,1
GP20,बड़ली,1,बड़ली,6,राजकीय उच्च माध्यमिक विद्यालय कमरा नं.-07 बडली,3,गोपाल वैष्णव,Gopal Vaishnav,पिता,मदन लाल,3,38,M,RJ/20/100696,1
GP20,बड़ली,2,बड़ली,7,राजकीय उच्च माध्यमिक विद्यालय कमरा नं.-12 बडली,1,गोपाल वैष्णव,Gopal Vaishnav,पिता,मदन लाल,6,38,M,RJ/20/100697,1
GP20,बड़ली,2,बड़ली,7,राजकीय उच्च माध्यमिक विद्यालय कमरा नं.-12 बडली,2,अनिता वैष्णव,Anita Vaishnav,पति,गोपाल वैष्णव,7,35,F,RJ/20/100698,1
GP20,बड़ली,2,बड़ली,7,राजकीय उच्च माध्यमिक विद्यालय कमरा नं.-12 बडली,3,कैलाश चंद,Kailash Chand,पिता,रूघनाथ राम,6,52,M,RJ/20/100699,1
GP20,बड़ली,3,बड़ली,8,राजकीय उच्च माध्यमिक विद्यालय कमरा नं.-13 बडली,1,कैलाश चंद,Kailash Chand,पिता,रूघनाथ राम,9,52,M,RJ/20/100700,1
GP20,बड़ली,3,बड़ली,8,राजकीय उच्च माध्यमिक विद्यालय कमरा नं.-13 बडली,2,कमला देवी,Kamla Devi,पति,कैलाश चंद,10,48,F,RJ/20/100701,1
GP20,बड़ली,3,बड़ली,8,राजकीय उच्च माध्यमिक विद्यालय कमरा नं.-13 बडली,3,राकेश चौधरी,Rakesh Choudhary,पिता,कैलाश चंद,9,26,M,RJ/20/100702,1
GP20,बड़ली,4,बड़ली,9,राजकीय उच्च माध्यमिक विद्यालय कमरा नं.-14 बडली,1,राकेश चौधरी,Rakesh Choudhary,पिता,कैलाश चंद,12,26,M,RJ/20/100703,1
GP20,बड़ली,4,बड़ली,9,राजकीय उच्च माध्यमिक विद्यालय कमरा नं.-14 बडली,2,पूजा चौधरी,Pooja Choudhary,पति,राकेश चौधरी,13,24,F,RJ/20/100704,1
GP20,बड़ली,4,बड़ली,9,राजकीय उच्च माध्यमिक विद्यालय कमरा नं.-14 बडली,3,दिनेश गुर्जर,Dinesh Gurjar,पिता,हरदेव गुर्जर,12,34,M,RJ/20/100705,1
GP20,बड़ली,5,बड़ली,6,राजकीय उच्च माध्यमिक विद्यालय कमरा नं.-07 बडली,1,दिनेश गुर्जर,Dinesh Gurjar,पिता,हरदेव गुर्जर,15,34,M,RJ/20/100706,1
GP20,बड़ली,5,बड़ली,6,राजकीय उच्च माध्यमिक विद्यालय कमरा नं.-07 बडली,2,सुशीला गुर्जर,Sushila Gurjar,पति,दिनेश गुर्जर,16,31,F,RJ/20/100707,1
GP20,बड़ली,5,बड़ली,6,राजकीय उच्च माध्यमिक विद्यालय कमरा नं.-07 बडली,3,भागचंद रेगर,Bhagchand Regar,पिता,लादू राम,15,47,M,RJ/20/100708,1
GP20,बड़ली,6,बड़ली,7,राजकीय उच्च माध्यमिक विद्यालय कमरा नं.-12 बडली,1,भागचंद रेगर,Bhagchand Regar,पिता,लादू राम,18,47,M,RJ/20/100709,1
GP20,बड़ली,6,बड़ली,7,राजकीय उच्च माध्यमिक विद्यालय कमरा नं.-12 बडली,2,प्रेम देवी,Prem Devi,पति,भागचंद रेगर,19,44,F,RJ/20/100710,1
GP20,बड़ली,6,बड़ली,7,राजकीय उच्च माध्यमिक विद्यालय कमरा नं.-12 बडली,3,मुकेश जाट,Mukesh Jat,पिता,रामदेव,18,29,M,RJ/20/100711,1
GP20,बड़ली,7,बड़ली,8,राजकीय उच्च माध्यमिक विद्यालय कमरा नं.-13 बडली,1,मुकेश जाट,Mukesh Jat,पिता,रामदेव,21,29,M,RJ/20/100712,1
GP20,बड़ली,7,बड़ली,8,राजकीय उच्च माध्यमिक विद्यालय कमरा नं.-13 बडली,2,ममता जाट,Mamta Jat,पति,मुकेश जाट,22,27,F,RJ/20/100713,1
GP20,बड़ली,7,बड़ली,8,राजकीय उच्च माध्यमिक विद्यालय कमरा नं.-13 बडली,3,शांति लाल जैन,Shanti Lal Jain,पिता,शान्ति स्वरूप,21,63,M,RJ/20/100714,1
GP20,बड़ली,8,बड़ली,9,राजकीय उच्च माध्यमिक विद्यालय कमरा नं.-14 बडली,1,शांति लाल जैन,Shanti Lal Jain,पिता,शान्ति स्वरूप,24,63,M,RJ/20/100715,1
GP20,बड़ली,8,बड़ली,9,राजकीय उच्च माध्यमिक विद्यालय कमरा नं.-14 बडली,2,सविता जैन,Savita Jain,पति,शांति लाल जैन,25,59,F,RJ/20/100716,1
GP20,बड़ली,8,बड़ली,9,राजकीय उच्च माध्यमिक विद्यालय कमरा नं.-14 बडली,3,राजेंद्र शर्मा,Rajendra Sharma,पिता,कल्याण सहाय,24,50,M,RJ/20/100717,1
GP20,बड़ली,9,बड़ली,6,राजकीय उच्च माध्यमिक विद्यालय कमरा नं.-07 बडली,1,राजेंद्र शर्मा,Rajendra Sharma,पिता,कल्याण सहाय,27,50,M,RJ/20/100718,1
GP20,बड़ली,9,बड़ली,6,राजकीय उच्च माध्यमिक विद्यालय कमरा नं.-07 बडली,2,सुनीता शर्मा,Sunita Sharma,पति,राजेंद्र शर्मा,28,46,F,RJ/20/100719,1
GP20,बड़ली,9,बड़ली,6,राजकीय उच्च माध्यमिक विद्यालय कमरा नं.-07 बडली,3,रामेश्वर लाल,Rameshwar Lal,पिता,सुखदेव जी,27,45,M,RJ/20/100720,1
GP20,बड़ली,10,बड़ली,7,राजकीय उच्च माध्यमिक विद्यालय कमरा नं.-12 बडली,1,रामेश्वर लाल,Rameshwar Lal,पिता,सुखदेव जी,30,45,M,RJ/20/100721,1
GP20,बड़ली,10,बड़ली,7,राजकीय उच्च माध्यमिक विद्यालय कमरा नं.-12 बडली,2,कौशल्या देवी,Kaushalya Devi,पति,रामेश्वर लाल,31,41,F,RJ/20/100722,1
GP20,बड़ली,10,बड़ली,7,राजकीय उच्च माध्यमिक विद्यालय कमरा नं.-12 बडली,3,सुरेश कुमार,Suresh Kumar,पिता,रामेश्वर लाल,30,22,M,RJ/20/100723,1
GP20,बड़ली,11,बड़ली,8,राजकीय उच्च माध्यमिक विद्यालय कमरा नं.-13 बडली,1,सुरेश कुमार,Suresh Kumar,पिता,रामेश्वर लाल,33,22,M,RJ/20/100724,1
GP20,बड़ली,11,बड़ली,8,राजकीय उच्च माध्यमिक विद्यालय कमरा नं.-13 बडली,2,मंजू देवी,Manju Devi,पति,सुरेश कुमार,34,21,F,RJ/20/100725,1
GP20,बड़ली,11,बड़ली,8,राजकीय उच्च माध्यमिक विद्यालय कमरा नं.-13 बडली,3,गोपाल वैष्णव,Gopal Vaishnav,पिता,मदन लाल,33,38,M,RJ/20/100726,1
GP21,बांदनवाड़ा,1,बान्दनवाड़ा,12,महात्मा गाँधी राजकीय विद्यालय कमरा नं.-14 बांदनवाडा,1,सुरेश कुमार,Suresh Kumar,पिता,रामेश्वर लाल,3,22,M,RJ/21/100727,1
GP21,बांदनवाड़ा,1,बान्दनवाड़ा,12,महात्मा गाँधी राजकीय विद्यालय कमरा नं.-14 बांदनवाडा,2,मंजू देवी,Manju Devi,पति,सुरेश कुमार,4,21,F,RJ/21/100728,1
GP21,बांदनवाड़ा,1,बान्दनवाड़ा,12,महात्मा गाँधी राजकीय विद्यालय कमरा नं.-14 बांदनवाडा,3,गोपाल वैष्णव,Gopal Vaishnav,पिता,मदन लाल,3,38,M,RJ/21/100729,1
GP21,बांदनवाड़ा,1,बान्दनवाड़ा,12,महात्मा गाँधी राजकीय विद्यालय कमरा नं.-14 बांदनवाडा,4,अनिता वैष्णव,Anita Vaishnav,पति,गोपाल वैष्णव,4,35,F,RJ/21/100730,1
GP21,बांदनवाड़ा,1,बान्दनवाड़ा,12,महात्मा गाँधी राजकीय विद्यालय कमरा नं.-14 बांदनवाडा,5,कैलाश चंद,Kailash Chand,पिता,रूघनाथ राम,3,52,M,RJ/21/100731,1
GP21,बांदनवाड़ा,2,बान्दनवाड़ा,13,महात्मा गाँधी राजकीय विद्यालय कमरा नं.-15 बांदनवाडा,1,गोपाल वैष्णव,Gopal Vaishnav,पिता,मदन लाल,6,38,M,RJ/21/100732,1
GP21,बांदनवाड़ा,2,बान्दनवाड़ा,13,महात्मा गाँधी राजकीय विद्यालय कमरा नं.-15 बांदनवाडा,2,अनिता वैष्णव,Anita Vaishnav,पति,गोपाल वैष्णव,7,35,F,RJ/21/100733,1
GP21,बांदनवाड़ा,2,बान्दनवाड़ा,13,महात्मा गाँधी राजकीय विद्यालय कमरा नं.-15 बांदनवाडा,3,कैलाश चंद,Kailash Chand,पिता,रूघनाथ राम,6,52,M,RJ/21/100734,1
GP21,बांदनवाड़ा,2,बान्दनवाड़ा,13,महात्मा गाँधी राजकीय विद्यालय कमरा नं.-15 बांदनवाडा,4,कमला देवी,Kamla Devi,पति,कैलाश चंद,7,48,F,RJ/21/100735,1
GP21,बांदनवाड़ा,2,बान्दनवाड़ा,13,महात्मा गाँधी राजकीय विद्यालय कमरा नं.-15 बांदनवाडा,5,राकेश चौधरी,Rakesh Choudhary,पिता,कैलाश चंद,6,26,M,RJ/21/100736,1
GP21,बांदनवाड़ा,3,बान्दनवाड़ा,14,राजकीय उच्च माध्यमिक विद्यालय (प्राथमिक अनुभाग)  कमरा नं.-02 बांदनवाडा,1,कैलाश चंद,Kailash Chand,पिता,रूघनाथ राम,9,52,M,RJ/21/100737,1
GP21,बांदनवाड़ा,3,बान्दनवाड़ा,14,राजकीय उच्च माध्यमिक विद्यालय (प्राथमिक अनुभाग)  कमरा नं.-02 बांदनवाडा,2,कमला देवी,Kamla Devi,पति,कैलाश चंद,10,48,F,RJ/21/100738,1
GP21,बांदनवाड़ा,3,बान्दनवाड़ा,14,राजकीय उच्च माध्यमिक विद्यालय (प्राथमिक अनुभाग)  कमरा नं.-02 बांदनवाडा,3,राकेश चौधरी,Rakesh Choudhary,पिता,कैलाश चंद,9,26,M,RJ/21/100739,1
GP21,बांदनवाड़ा,3,बान्दनवाड़ा,14,राजकीय उच्च माध्यमिक विद्यालय (प्राथमिक अनुभाग)  कमरा नं.-02 बांदनवाडा,4,पूजा चौधरी,Pooja Choudhary,पति,राकेश चौधरी,10,24,F,RJ/21/100740,1
GP21,बांदनवाड़ा,3,बान्दनवाड़ा,14,राजकीय उच्च माध्यमिक विद्यालय (प्राथमिक अनुभाग)  कमरा नं.-02 बांदनवाडा,5,दिनेश गुर्जर,Dinesh Gurjar,पिता,हरदेव गुर्जर,9,34,M,RJ/21/100741,1
GP21,बांदनवाड़ा,4,बान्दनवाड़ा,15,राजकीय उच्च माध्यमिक विद्यालय (प्राथमिक अनुभाग)  कमरा नं.-07 बांदनवाडा,1,राकेश चौधरी,Rakesh Choudhary,पिता,कैलाश चंद,12,26,M,RJ/21/100742,1
GP21,बांदनवाड़ा,4,बान्दनवाड़ा,15,राजकीय उच्च माध्यमिक विद्यालय (प्राथमिक अनुभाग)  कमरा नं.-07 बांदनवाडा,2,पूजा चौधरी,Pooja Choudhary,पति,राकेश चौधरी,13,24,F,RJ/21/100743,1
GP21,बांदनवाड़ा,4,बान्दनवाड़ा,15,राजकीय उच्च माध्यमिक विद्यालय (प्राथमिक अनुभाग)  कमरा नं.-07 बांदनवाडा,3,दिनेश गुर्जर,Dinesh Gurjar,पिता,हरदेव गुर्जर,12,34,M,RJ/21/100744,1
GP21,बांदनवाड़ा,4,बान्दनवाड़ा,15,राजकीय उच्च माध्यमिक विद्यालय (प्राथमिक अनुभाग)  कमरा नं.-07 बांदनवाडा,4,सुशीला गुर्जर,Sushila Gurjar,पति,दिनेश गुर्जर,13,31,F,RJ/21/100745,1
GP21,बांदनवाड़ा,4,बान्दनवाड़ा,15,राजकीय उच्च माध्यमिक विद्यालय (प्राथमिक अनुभाग)  कमरा नं.-07 बांदनवाडा,5,भागचंद रेगर,Bhagchand Regar,पिता,लादू राम,12,47,M,RJ/21/100746,1
GP21,बांदनवाड़ा,5,बान्दनवाड़ा,16,राजकीय उच्च माध्यमिक विद्यालय कमरा नं.-06 बांदनवाडा,1,दिनेश गुर्जर,Dinesh Gurjar,पिता,हरदेव गुर्जर,15,34,M,RJ/21/100747,1
GP21,बांदनवाड़ा,5,बान्दनवाड़ा,16,राजकीय उच्च माध्यमिक विद्यालय कमरा नं.-06 बांदनवाडा,2,सुशीला गुर्जर,Sushila Gurjar,पति,दिनेश गुर्जर,16,31,F,RJ/21/100748,1
GP21,बांदनवाड़ा,5,बान्दनवाड़ा,16,राजकीय उच्च माध्यमिक विद्यालय कमरा नं.-06 बांदनवाडा,3,भागचंद रेगर,Bhagchand Regar,पिता,लादू राम,15,47,M,RJ/21/100749,1
GP21,बांदनवाड़ा,5,बान्दनवाड़ा,16,राजकीय उच्च माध्यमिक विद्यालय कमरा नं.-06 बांदनवाडा,4,प्रेम देवी,Prem Devi,पति,भागचंद रेगर,16,44,F,RJ/21/100750,1
GP21,बांदनवाड़ा,5,बान्दनवाड़ा,16,राजकीय उच्च माध्यमिक विद्यालय कमरा नं.-06 बांदनवाडा,5,मुकेश जाट,Mukesh Jat,पिता,रामदेव,15,29,M,RJ/21/100751,1
GP21,बांदनवाड़ा,6,बान्दनवाड़ा,17,राजकीय उच्च माध्यमिक विद्यालय कमरा नं.-09 बांदनवाडा,1,भागचंद रेगर,Bhagchand Regar,पिता,लादू राम,18,47,M,RJ/21/100752,1
GP21,बांदनवाड़ा,6,बान्दनवाड़ा,17,राजकीय उच्च माध्यमिक विद्यालय कमरा नं.-09 बांदनवाडा,2,प्रेम देवी,Prem Devi,पति,भागचंद रेगर,19,44,F,RJ/21/100753,1
GP21,बांदनवाड़ा,6,बान्दनवाड़ा,17,राजकीय उच्च माध्यमिक विद्यालय कमरा नं.-09 बांदनवाडा,3,मुकेश जाट,Mukesh Jat,पिता,रामदेव,18,29,M,RJ/21/100754,1
GP21,बांदनवाड़ा,6,बान्दनवाड़ा,17,राजकीय उच्च माध्यमिक विद्यालय कमरा नं.-09 बांदनवाडा,4,ममता जाट,Mamta Jat,पति,मुकेश जाट,19,27,F,RJ/21/100755,1
GP21,बांदनवाड़ा,6,बान्दनवाड़ा,17,राजकीय उच्च माध्यमिक विद्यालय कमरा नं.-09 बांदनवाडा,5,शांति लाल जैन,Shanti Lal Jain,पिता,शान्ति स्वरूप,18,63,M,RJ/21/100756,1
GP21,बांदनवाड़ा,7,बान्दनवाड़ा,12,महात्मा गाँधी राजकीय विद्यालय कमरा नं.-14 बांदनवाडा,1,मुकेश जाट,Mukesh Jat,पिता,रामदेव,21,29,M,RJ/21/100757,1
GP21,बांदनवाड़ा,7,बान्दनवाड़ा,12,महात्मा गाँधी राजकीय विद्यालय कमरा नं.-14 बांदनवाडा,2,ममता जाट,Mamta Jat,पति,मुकेश जाट,22,27,F,RJ/21/100758,1
GP21,बांदनवाड़ा,7,बान्दनवाड़ा,12,महात्मा गाँधी राजकीय विद्यालय कमरा नं.-14 बांदनवाडा,3,शांति लाल जैन,Shanti Lal Jain,पिता,शान्ति स्वरूप,21,63,M,RJ/21/100759,1
GP21,बांदनवाड़ा,7,बान्दनवाड़ा,12,महात्मा गाँधी राजकीय विद्यालय कमरा नं.-14 बांदनवाडा,4,सविता जैन,Savita Jain,पति,शांति लाल जैन,22,59,F,RJ/21/100760,1
GP21,बांदनवाड़ा,7,बान्दनवाड़ा,12,महात्मा गाँधी राजकीय विद्यालय कमरा नं.-14 बांदनवाडा,5,राजेंद्र शर्मा,Rajendra Sharma,पिता,कल्याण सहाय,21,50,M,RJ/21/100761,1
GP21,बांदनवाड़ा,8,बान्दनवाड़ा,13,महात्मा गाँधी राजकीय विद्यालय कमरा नं.-15 बांदनवाडा,1,शांति लाल जैन,Shanti Lal Jain,पिता,शान्ति स्वरूप,24,63,M,RJ/21/100762,1
GP21,बांदनवाड़ा,8,बान्दनवाड़ा,13,महात्मा गाँधी राजकीय विद्यालय कमरा नं.-15 बांदनवाडा,2,सविता जैन,Savita Jain,पति,शांति लाल जैन,25,59,F,RJ/21/100763,1
GP21,बांदनवाड़ा,8,बान्दनवाड़ा,13,महात्मा गाँधी राजकीय विद्यालय कमरा नं.-15 बांदनवाडा,3,राजेंद्र शर्मा,Rajendra Sharma,पिता,कल्याण सहाय,24,50,M,RJ/21/100764,1
GP21,बांदनवाड़ा,8,बान्दनवाड़ा,13,महात्मा गाँधी राजकीय विद्यालय कमरा नं.-15 बांदनवाडा,4,सुनीता शर्मा,Sunita Sharma,पति,राजेंद्र शर्मा,25,46,F,RJ/21/100765,1
GP21,बांदनवाड़ा,8,बान्दनवाड़ा,13,महात्मा गाँधी राजकीय विद्यालय कमरा नं.-15 बांदनवाडा,5,रामेश्वर लाल,Rameshwar Lal,पिता,सुखदेव जी,24,45,M,RJ/21/100766,1
GP21,बांदनवाड़ा,9,बान्दनवाड़ा,14,राजकीय उच्च माध्यमिक विद्यालय (प्राथमिक अनुभाग)  कमरा नं.-02 बांदनवाडा,1,राजेंद्र शर्मा,Rajendra Sharma,पिता,कल्याण सहाय,27,50,M,RJ/21/100767,1
GP21,बांदनवाड़ा,9,बान्दनवाड़ा,14,राजकीय उच्च माध्यमिक विद्यालय (प्राथमिक अनुभाग)  कमरा नं.-02 बांदनवाडा,2,सुनीता शर्मा,Sunita Sharma,पति,राजेंद्र शर्मा,28,46,F,RJ/21/100768,1
GP21,बांदनवाड़ा,9,बान्दनवाड़ा,14,राजकीय उच्च माध्यमिक विद्यालय (प्राथमिक अनुभाग)  कमरा नं.-02 बांदनवाडा,3,रामेश्वर लाल,Rameshwar Lal,पिता,सुखदेव जी,27,45,M,RJ/21/100769,1
GP21,बांदनवाड़ा,9,बान्दनवाड़ा,14,राजकीय उच्च माध्यमिक विद्यालय (प्राथमिक अनुभाग)  कमरा नं.-02 बांदनवाडा,4,कौशल्या देवी,Kaushalya Devi,पति,रामेश्वर लाल,28,41,F,RJ/21/100770,1
GP21,बांदनवाड़ा,9,बान्दनवाड़ा,14,राजकीय उच्च माध्यमिक विद्यालय (प्राथमिक अनुभाग)  कमरा नं.-02 बांदनवाडा,5,सुरेश कुमार,Suresh Kumar,पिता,रामेश्वर लाल,27,22,M,RJ/21/100771,1
GP21,बांदनवाड़ा,10,बान्दनवाड़ा,15,राजकीय उच्च माध्यमिक विद्यालय (प्राथमिक अनुभाग)  कमरा नं.-07 बांदनवाडा,1,रामेश्वर लाल,Rameshwar Lal,पिता,सुखदेव जी,30,45,M,RJ/21/100772,1
GP21,बांदनवाड़ा,10,बान्दनवाड़ा,15,राजकीय उच्च माध्यमिक विद्यालय (प्राथमिक अनुभाग)  कमरा नं.-07 बांदनवाडा,2,कौशल्या देवी,Kaushalya Devi,पति,रामेश्वर लाल,31,41,F,RJ/21/100773,1
GP21,बांदनवाड़ा,10,बान्दनवाड़ा,15,राजकीय उच्च माध्यमिक विद्यालय (प्राथमिक अनुभाग)  कमरा नं.-07 बांदनवाडा,3,सुरेश कुमार,Suresh Kumar,पिता,रामेश्वर लाल,30,22,M,RJ/21/100774,1
GP21,बांदनवाड़ा,10,बान्दनवाड़ा,15,राजकीय उच्च माध्यमिक विद्यालय (प्राथमिक अनुभाग)  कमरा नं.-07 बांदनवाडा,4,मंजू देवी,Manju Devi,पति,सुरेश कुमार,31,21,F,RJ/21/100775,1
GP21,बांदनवाड़ा,10,बान्दनवाड़ा,15,राजकीय उच्च माध्यमिक विद्यालय (प्राथमिक अनुभाग)  कमरा नं.-07 बांदनवाडा,5,गोपाल वैष्णव,Gopal Vaishnav,पिता,मदन लाल,30,38,M,RJ/21/100776,1
GP21,बांदनवाड़ा,11,बान्दनवाड़ा,16,राजकीय उच्च माध्यमिक विद्यालय कमरा नं.-06 बांदनवाडा,1,सुरेश कुमार,Suresh Kumar,पिता,रामेश्वर लाल,33,22,M,RJ/21/100777,1
GP21,बांदनवाड़ा,11,बान्दनवाड़ा,16,राजकीय उच्च माध्यमिक विद्यालय कमरा नं.-06 बांदनवाडा,2,मंजू देवी,Manju Devi,पति,सुरेश कुमार,34,21,F,RJ/21/100778,1
GP21,बांदनवाड़ा,11,बान्दनवाड़ा,16,राजकीय उच्च माध्यमिक विद्यालय कमरा नं.-06 बांदनवाडा,3,गोपाल वैष्णव,Gopal Vaishnav,पिता,मदन लाल,33,38,M,RJ/21/100779,1
GP21,बांदनवाड़ा,11,बान्दनवाड़ा,16,राजकीय उच्च माध्यमिक विद्यालय कमरा नं.-06 बांदनवाडा,4,अनिता वैष्णव,Anita Vaishnav,पति,गोपाल वैष्णव,34,35,F,RJ/21/100780,1
GP21,बांदनवाड़ा,11,बान्दनवाड़ा,16,राजकीय उच्च माध्यमिक विद्यालय कमरा नं.-06 बांदनवाडा,5,कैलाश चंद,Kailash Chand,पिता,रूघनाथ राम,33,52,M,RJ/21/100781,1
GP21,बांदनवाड़ा,12,बान्दनवाड़ा,17,राजकीय उच्च माध्यमिक विद्यालय कमरा नं.-09 बांदनवाडा,1,गोपाल वैष्णव,Gopal Vaishnav,पिता,मदन लाल,36,38,M,RJ/21/100782,1
GP21,बांदनवाड़ा,12,बान्दनवाड़ा,17,राजकीय उच्च माध्यमिक विद्यालय कमरा नं.-09 बांदनवाडा,2,अनिता वैष्णव,Anita Vaishnav,पति,गोपाल वैष्णव,37,35,F,RJ/21/100783,1
GP21,बांदनवाड़ा,12,बान्दनवाड़ा,17,राजकीय उच्च माध्यमिक विद्यालय कमरा नं.-09 बांदनवाडा,3,कैलाश चंद,Kailash Chand,पिता,रूघनाथ राम,36,52,M,RJ/21/100784,1
GP21,बांदनवाड़ा,12,बान्दनवाड़ा,17,राजकीय उच्च माध्यमिक विद्यालय कमरा नं.-09 बांदनवाडा,4,कमला देवी,Kamla Devi,पति,कैलाश चंद,37,48,F,RJ/21/100785,1
GP21,बांदनवाड़ा,12,बान्दनवाड़ा,17,राजकीय उच्च माध्यमिक विद्यालय कमरा नं.-09 बांदनवाडा,5,राकेश चौधरी,Rakesh Choudhary,पिता,कैलाश चंद,36,26,M,RJ/21/100786,1
GP21,बांदनवाड़ा,13,बान्दनवाड़ा,12,महात्मा गाँधी राजकीय विद्यालय कमरा नं.-14 बांदनवाडा,1,कैलाश चंद,Kailash Chand,पिता,रूघनाथ राम,39,52,M,RJ/21/100787,1
GP21,बांदनवाड़ा,13,बान्दनवाड़ा,12,महात्मा गाँधी राजकीय विद्यालय कमरा नं.-14 बांदनवाडा,2,कमला देवी,Kamla Devi,पति,कैलाश चंद,40,48,F,RJ/21/100788,1
GP21,बांदनवाड़ा,13,बान्दनवाड़ा,12,महात्मा गाँधी राजकीय विद्यालय कमरा नं.-14 बांदनवाडा,3,राकेश चौधरी,Rakesh Choudhary,पिता,कैलाश चंद,39,26,M,RJ/21/100789,1
GP21,बांदनवाड़ा,13,बान्दनवाड़ा,12,महात्मा गाँधी राजकीय विद्यालय कमरा नं.-14 बांदनवाडा,4,पूजा चौधरी,Pooja Choudhary,पति,राकेश चौधरी,40,24,F,RJ/21/100790,1
GP21,बांदनवाड़ा,13,बान्दनवाड़ा,12,महात्मा गाँधी राजकीय विद्यालय कमरा नं.-14 बांदनवाडा,5,दिनेश गुर्जर,Dinesh Gurjar,पिता,हरदेव गुर्जर,39,34,M,RJ/21/100791,1
GP21,बांदनवाड़ा,14,बान्दनवाड़ा,13,महात्मा गाँधी राजकीय विद्यालय कमरा नं.-15 बांदनवाडा,1,राकेश चौधरी,Rakesh Choudhary,पिता,कैलाश चंद,42,26,M,RJ/21/100792,1
GP21,बांदनवाड़ा,14,बान्दनवाड़ा,13,महात्मा गाँधी राजकीय विद्यालय कमरा नं.-15 बांदनवाडा,2,पूजा चौधरी,Pooja Choudhary,पति,राकेश चौधरी,43,24,F,RJ/21/100793,1
GP21,बांदनवाड़ा,14,बान्दनवाड़ा,13,महात्मा गाँधी राजकीय विद्यालय कमरा नं.-15 बांदनवाडा,3,दिनेश गुर्जर,Dinesh Gurjar,पिता,हरदेव गुर्जर,42,34,M,RJ/21/100794,1
GP21,बांदनवाड़ा,14,बान्दनवाड़ा,13,महात्मा गाँधी राजकीय विद्यालय कमरा नं.-15 बांदनवाडा,4,सुशीला गुर्जर,Sushila Gurjar,पति,दिनेश गुर्जर,43,31,F,RJ/21/100795,1
GP21,बांदनवाड़ा,14,बान्दनवाड़ा,13,महात्मा गाँधी राजकीय विद्यालय कमरा नं.-15 बांदनवाडा,5,भागचंद रेगर,Bhagchand Regar,पिता,लादू राम,42,47,M,RJ/21/100796,1
GP21,बांदनवाड़ा,15,बान्दनवाड़ा,14,राजकीय उच्च माध्यमिक विद्यालय (प्राथमिक अनुभाग)  कमरा नं.-02 बांदनवाडा,1,दिनेश गुर्जर,Dinesh Gurjar,पिता,हरदेव गुर्जर,45,34,M,RJ/21/100797,1
GP21,बांदनवाड़ा,15,बान्दनवाड़ा,14,राजकीय उच्च माध्यमिक विद्यालय (प्राथमिक अनुभाग)  कमरा नं.-02 बांदनवाडा,2,सुशीला गुर्जर,Sushila Gurjar,पति,दिनेश गुर्जर,46,31,F,RJ/21/100798,1
GP21,बांदनवाड़ा,15,बान्दनवाड़ा,14,राजकीय उच्च माध्यमिक विद्यालय (प्राथमिक अनुभाग)  कमरा नं.-02 बांदनवाडा,3,भागचंद रेगर,Bhagchand Regar,पिता,लादू राम,45,47,M,RJ/21/100799,1
GP21,बांदनवाड़ा,15,बान्दनवाड़ा,14,राजकीय उच्च माध्यमिक विद्यालय (प्राथमिक अनुभाग)  कमरा नं.-02 बांदनवाडा,4,प्रेम देवी,Prem Devi,पति,भागचंद रेगर,46,44,F,RJ/21/100800,1
GP21,बांदनवाड़ा,15,बान्दनवाड़ा,14,राजकीय उच्च माध्यमिक विद्यालय (प्राथमिक अनुभाग)  कमरा नं.-02 बांदनवाडा,5,मुकेश जाट,Mukesh Jat,पिता,रामदेव,45,29,M,RJ/21/100801,1
GP21,बांदनवाड़ा,16,बान्दनवाड़ा,15,राजकीय उच्च माध्यमिक विद्यालय (प्राथमिक अनुभाग)  कमरा नं.-07 बांदनवाडा,1,भागचंद रेगर,Bhagchand Regar,पिता,लादू राम,48,47,M,RJ/21/100802,1
GP21,बांदनवाड़ा,16,बान्दनवाड़ा,15,राजकीय उच्च माध्यमिक विद्यालय (प्राथमिक अनुभाग)  कमरा नं.-07 बांदनवाडा,2,प्रेम देवी,Prem Devi,पति,भागचंद रेगर,49,44,F,RJ/21/100803,1
GP21,बांदनवाड़ा,16,बान्दनवाड़ा,15,राजकीय उच्च माध्यमिक विद्यालय (प्राथमिक अनुभाग)  कमरा नं.-07 बांदनवाडा,3,मुकेश जाट,Mukesh Jat,पिता,रामदेव,48,29,M,RJ/21/100804,1
GP21,बांदनवाड़ा,16,बान्दनवाड़ा,15,राजकीय उच्च माध्यमिक विद्यालय (प्राथमिक अनुभाग)  कमरा नं.-07 बांदनवाडा,4,ममता जाट,Mamta Jat,पति,मुकेश जाट,49,27,F,RJ/21/100805,1
GP21,बांदनवाड़ा,16,बान्दनवाड़ा,15,राजकीय उच्च माध्यमिक विद्यालय (प्राथमिक अनुभाग)  कमरा नं.-07 बांदनवाडा,5,शांति लाल जैन,Shanti Lal Jain,पिता,शान्ति स्वरूप,48,63,M,RJ/21/100806,1
GP21,बांदनवाड़ा,17,बान्दनवाड़ा,16,राजकीय उच्च माध्यमिक विद्यालय कमरा नं.-06 बांदनवाडा,1,मुकेश जाट,Mukesh Jat,पिता,रामदेव,51,29,M,RJ/21/100807,1
GP21,बांदनवाड़ा,17,बान्दनवाड़ा,16,राजकीय उच्च माध्यमिक विद्यालय कमरा नं.-06 बांदनवाडा,2,ममता जाट,Mamta Jat,पति,मुकेश जाट,52,27,F,RJ/21/100808,1
GP21,बांदनवाड़ा,17,बान्दनवाड़ा,16,राजकीय उच्च माध्यमिक विद्यालय कमरा नं.-06 बांदनवाडा,3,शांति लाल जैन,Shanti Lal Jain,पिता,शान्ति स्वरूप,51,63,M,RJ/21/100809,1
GP21,बांदनवाड़ा,17,बान्दनवाड़ा,16,राजकीय उच्च माध्यमिक विद्यालय कमरा नं.-06 बांदनवाडा,4,सविता जैन,Savita Jain,पति,शांति लाल जैन,52,59,F,RJ/21/100810,1
GP21,बांदनवाड़ा,17,बान्दनवाड़ा,16,राजकीय उच्च माध्यमिक विद्यालय कमरा नं.-06 बांदनवाडा,5,राजेंद्र शर्मा,Rajendra Sharma,पिता,कल्याण सहाय,51,50,M,RJ/21/100811,1
GP22,बूबकिया आंशिक,3,हीरापुरा,28,राजकीय उच्च माध्यमिक विद्यालय कमरा नं.-11 बुबकिया,1,कैलाश चंद,Kailash Chand,पिता,रूघनाथ राम,9,52,M,RJ/22/100812,1
GP22,बूबकिया आंशिक,3,हीरापुरा,28,राजकीय उच्च माध्यमिक विद्यालय कमरा नं.-11 बुबकिया,2,कमला देवी,Kamla Devi,पति,कैलाश चंद,10,48,F,RJ/22/100813,1
GP22,बूबकिया आंशिक,3,हीरापुरा,28,राजकीय उच्च माध्यमिक विद्यालय कमरा नं.-11 बुबकिया,3,राकेश चौधरी,Rakesh Choudhary,पिता,कैलाश चंद,9,26,M,RJ/22/100814,1
GP22,बूबकिया आंशिक,5,रेन,26,राजकीय उच्च माध्यमिक विद्यालय कमरा नं.-07 बुबकिया,1,दिनेश गुर्जर,Dinesh Gurjar,पिता,हरदेव गुर्जर,15,34,M,RJ/22/100815,1
GP22,बूबकिया आंशिक,5,रेन,26,राजकीय उच्च माध्यमिक विद्यालय कमरा नं.-07 बुबकिया,2,सुशीला गुर्जर,Sushila Gurjar,पति,दिनेश गुर्जर,16,31,F,RJ/22/100816,1
GP22,बूबकिया आंशिक,5,रेन,26,राजकीय उच्च माध्यमिक विद्यालय कमरा नं.-07 बुबकिया,3,भागचंद रेगर,Bhagchand Regar,पिता,लादू राम,15,47,M,RJ/22/100817,1
GP22,बूबकिया आंशिक,6,रेन,27,राजकीय उच्च माध्यमिक विद्यालय कमरा नं.-10 बुबकिया,1,भागचंद रेगर,Bhagchand Regar,पिता,लादू राम,18,47,M,RJ/22/100818,1
GP22,बूबकिया आंशिक,6,रेन,27,राजकीय उच्च माध्यमिक विद्यालय कमरा नं.-10 बुबकिया,2,प्रेम देवी,Prem Devi,पति,भागचंद रेगर,19,44,F,RJ/22/100819,1
GP22,बूबकिया आंशिक,6,रेन,27,राजकीय उच्च माध्यमिक विद्यालय कमरा नं.-10 बुबकिया,3,मुकेश जाट,Mukesh Jat,पिता,रामदेव,18,29,M,RJ/22/100820,1
GP22,बूबकिया आंशिक,7,बूबकिया,28,राजकीय उच्च माध्यमिक विद्यालय कमरा नं.-11 बुबकिया,1,मुकेश जाट,Mukesh Jat,पिता,रामदेव,21,29,M,RJ/22/100821,1
GP22,बूबकिया आंशिक,7,बूबकिया,28,राजकीय उच्च माध्यमिक विद्यालय कमरा नं.-11 बुबकिया,2,ममता जाट,Mamta Jat,पति,मुकेश जाट,22,27,F,RJ/22/100822,1
GP22,बूबकिया आंशिक,7,बूबकिया,28,राजकीय उच्च माध्यमिक विद्यालय कमरा नं.-11 बुबकिया,3,शांति लाल जैन,Shanti Lal Jain,पिता,शान्ति स्वरूप,21,63,M,RJ/22/100823,1
GP22,बूबकिया आंशिक,8,बूबकिया,29,राजकीय उच्च माध्यमिक विद्यालय कमरा नं.-12 बुबकिया,1,शांति लाल जैन,Shanti Lal Jain,पिता,शान्ति स्वरूप,24,63,M,RJ/22/100824,1
GP22,बूबकिया आंशिक,8,बूबकिया,29,राजकीय उच्च माध्यमिक विद्यालय कमरा नं.-12 बुबकिया,2,सविता जैन,Savita Jain,पति,शांति लाल जैन,25,59,F,RJ/22/100825,1
GP22,बूबकिया आंशिक,8,बूबकिया,29,राजकीय उच्च माध्यमिक विद्यालय कमरा नं.-12 बुबकिया,3,राजेंद्र शर्मा,Rajendra Sharma,पिता,कल्याण सहाय,24,50,M,RJ/22/100826,1
GP22,बूबकिया आंशिक,9,बूबकिया,26,राजकीय उच्च माध्यमिक विद्यालय कमरा नं.-07 बुबकिया,1,राजेंद्र शर्मा,Rajendra Sharma,पिता,कल्याण सहाय,27,50,M,RJ/22/100827,1
GP22,बूबकिया आंशिक,9,बूबकिया,26,राजकीय उच्च माध्यमिक विद्यालय कमरा नं.-07 बुबकिया,2,सुनीता शर्मा,Sunita Sharma,पति,राजेंद्र शर्मा,28,46,F,RJ/22/100828,1
GP22,बूबकिया आंशिक,9,बूबकिया,26,राजकीय उच्च माध्यमिक विद्यालय कमरा नं.-07 बुबकिया,3,रामेश्वर लाल,Rameshwar Lal,पिता,सुखदेव जी,27,45,M,RJ/22/100829,1
GP22,बूबकिया आंशिक,11,पीलोदा,28,राजकीय उच्च माध्यमिक विद्यालय कमरा नं.-11 बुबकिया,1,सुरेश कुमार,Suresh Kumar,पिता,रामेश्वर लाल,33,22,M,RJ/22/100830,1
GP22,बूबकिया आंशिक,11,पीलोदा,28,राजकीय उच्च माध्यमिक विद्यालय कमरा नं.-11 बुबकिया,2,मंजू देवी,Manju Devi,पति,सुरेश कुमार,34,21,F,RJ/22/100831,1
GP22,बूबकिया आंशिक,11,पीलोदा,28,राजकीय उच्च माध्यमिक विद्यालय कमरा नं.-11 बुबकिया,3,गोपाल वैष्णव,Gopal Vaishnav,पिता,मदन लाल,33,38,M,RJ/22/100832,1
GP22,बूबकिया आंशिक,1,हीरापुरा,26,राजकीय उच्च माध्यमिक विद्यालय कमरा नं.-07 बुबकिया,1,सुरेश कुमार,Suresh Kumar,पिता,रामेश्वर लाल,3,22,M,RJ/22/100833,1
GP22,बूबकिया आंशिक,1,हीरापुरा,26,राजकीय उच्च माध्यमिक विद्यालय कमरा नं.-07 बुबकिया,2,मंजू देवी,Manju Devi,पति,सुरेश कुमार,4,21,F,RJ/22/100834,1
GP22,बूबकिया आंशिक,1,हीरापुरा,26,राजकीय उच्च माध्यमिक विद्यालय कमरा नं.-07 बुबकिया,3,गोपाल वैष्णव,Gopal Vaishnav,पिता,मदन लाल,3,38,M,RJ/22/100835,1
GP22,बूबकिया आंशिक,2,हीरापुरा,27,राजकीय उच्च माध्यमिक विद्यालय कमरा नं.-10 बुबकिया,1,गोपाल वैष्णव,Gopal Vaishnav,पिता,मदन लाल,6,38,M,RJ/22/100836,1
GP22,बूबकिया आंशिक,2,हीरापुरा,27,राजकीय उच्च माध्यमिक विद्यालय कमरा नं.-10 बुबकिया,2,अनिता वैष्णव,Anita Vaishnav,पति,गोपाल वैष्णव,7,35,F,RJ/22/100837,1
GP22,बूबकिया आंशिक,2,हीरापुरा,27,राजकीय उच्च माध्यमिक विद्यालय कमरा नं.-10 बुबकिया,3,कैलाश चंद,Kailash Chand,पिता,रूघनाथ राम,6,52,M,RJ/22/100838,1
GP22,बूबकिया आंशिक,4,हीरापुरा,29,राजकीय उच्च माध्यमिक विद्यालय कमरा नं.-12 बुबकिया,1,राकेश चौधरी,Rakesh Choudhary,पिता,कैलाश चंद,12,26,M,RJ/22/100839,1
GP22,बूबकिया आंशिक,4,हीरापुरा,29,राजकीय उच्च माध्यमिक विद्यालय कमरा नं.-12 बुबकिया,2,पूजा चौधरी,Pooja Choudhary,पति,राकेश चौधरी,13,24,F,RJ/22/100840,1
GP22,बूबकिया आंशिक,4,हीरापुरा,29,राजकीय उच्च माध्यमिक विद्यालय कमरा नं.-12 बुबकिया,3,दिनेश गुर्जर,Dinesh Gurjar,पिता,हरदेव गुर्जर,12,34,M,RJ/22/100841,1
GP22,बूबकिया आंशिक,10,पीलोदा,27,राजकीय उच्च माध्यमिक विद्यालय कमरा नं.-10 बुबकिया,1,रामेश्वर लाल,Rameshwar Lal,पिता,सुखदेव जी,30,45,M,RJ/22/100842,1
GP22,बूबकिया आंशिक,10,पीलोदा,27,राजकीय उच्च माध्यमिक विद्यालय कमरा नं.-10 बुबकिया,2,कौशल्या देवी,Kaushalya Devi,पति,रामेश्वर लाल,31,41,F,RJ/22/100843,1
GP22,बूबकिया आंशिक,10,पीलोदा,27,राजकीय उच्च माध्यमिक विद्यालय कमरा नं.-10 बुबकिया,3,सुरेश कुमार,Suresh Kumar,पिता,रामेश्वर लाल,30,22,M,RJ/22/100844,1
GP23,भिनाय,1,भिनाय,18,राजकीय उच्च माध्यमिक विद्यालय कमरा नं.-19 भिनाय,1,सुरेश कुमार,Suresh Kumar,पिता,रामेश्वर लाल,3,22,M,RJ/23/100845,1
GP23,भिनाय,1,भिनाय,18,राजकीय उच्च माध्यमिक विद्यालय कमरा नं.-19 भिनाय,2,मंजू देवी,Manju Devi,पति,सुरेश कुमार,4,21,F,RJ/23/100846,1
GP23,भिनाय,1,भिनाय,18,राजकीय उच्च माध्यमिक विद्यालय कमरा नं.-19 भिनाय,3,गोपाल वैष्णव,Gopal Vaishnav,पिता,मदन लाल,3,38,M,RJ/23/100847,1
GP23,भिनाय,1,भिनाय,18,राजकीय उच्च माध्यमिक विद्यालय कमरा नं.-19 भिनाय,4,अनिता वैष्णव,Anita Vaishnav,पति,गोपाल वैष्णव,4,35,F,RJ/23/100848,1
GP23,भिनाय,1,भिनाय,18,राजकीय उच्च माध्यमिक विद्यालय कमरा नं.-19 भिनाय,5,कैलाश चंद,Kailash Chand,पिता,रूघनाथ राम,3,52,M,RJ/23/100849,1
GP23,भिनाय,2,भिनाय,19,राजकीय उच्च माध्यमिक विद्यालय कमरा नं.-33 भिनाय,1,गोपाल वैष्णव,Gopal Vaishnav,पिता,मदन लाल,6,38,M,RJ/23/100850,1
GP23,भिनाय,2,भिनाय,19,राजकीय उच्च माध्यमिक विद्यालय कमरा नं.-33 भिनाय,2,अनिता वैष्णव,Anita Vaishnav,पति,गोपाल वैष्णव,7,35,F,RJ/23/100851,1
GP23,भिनाय,2,भिनाय,19,राजकीय उच्च माध्यमिक विद्यालय कमरा नं.-33 भिनाय,3,कैलाश चंद,Kailash Chand,पिता,रूघनाथ राम,6,52,M,RJ/23/100852,1
GP23,भिनाय,2,भिनाय,19,राजकीय उच्च माध्यमिक विद्यालय कमरा नं.-33 भिनाय,4,कमला देवी,Kamla Devi,पति,कैलाश चंद,7,48,F,RJ/23/100853,1
GP23,भिनाय,2,भिनाय,19,राजकीय उच्च माध्यमिक विद्यालय कमरा नं.-33 भिनाय,5,राकेश चौधरी,Rakesh Choudhary,पिता,कैलाश चंद,6,26,M,RJ/23/100854,1
GP23,भिनाय,3,भिनाय,20,राजकीय उच्च माध्यमिक विद्यालय कमरा नं.-37 भिनाय,1,कैलाश चंद,Kailash Chand,पिता,रूघनाथ राम,9,52,M,RJ/23/100855,1
GP23,भिनाय,3,भिनाय,20,राजकीय उच्च माध्यमिक विद्यालय कमरा नं.-37 भिनाय,2,कमला देवी,Kamla Devi,पति,कैलाश चंद,10,48,F,RJ/23/100856,1
GP23,भिनाय,3,भिनाय,20,राजकीय उच्च माध्यमिक विद्यालय कमरा नं.-37 भिनाय,3,राकेश चौधरी,Rakesh Choudhary,पिता,कैलाश चंद,9,26,M,RJ/23/100857,1
GP23,भिनाय,3,भिनाय,20,राजकीय उच्च माध्यमिक विद्यालय कमरा नं.-37 भिनाय,4,पूजा चौधरी,Pooja Choudhary,पति,राकेश चौधरी,10,24,F,RJ/23/100858,1
GP23,भिनाय,3,भिनाय,20,राजकीय उच्च माध्यमिक विद्यालय कमरा नं.-37 भिनाय,5,दिनेश गुर्जर,Dinesh Gurjar,पिता,हरदेव गुर्जर,9,34,M,RJ/23/100859,1
GP23,भिनाय,4,भिनाय,21,राजकीय उच्च माध्यमिक विद्यालय कमरा नं.-39 भिनाय,1,राकेश चौधरी,Rakesh Choudhary,पिता,कैलाश चंद,12,26,M,RJ/23/100860,1
GP23,भिनाय,4,भिनाय,21,राजकीय उच्च माध्यमिक विद्यालय कमरा नं.-39 भिनाय,2,पूजा चौधरी,Pooja Choudhary,पति,राकेश चौधरी,13,24,F,RJ/23/100861,1
GP23,भिनाय,4,भिनाय,21,राजकीय उच्च माध्यमिक विद्यालय कमरा नं.-39 भिनाय,3,दिनेश गुर्जर,Dinesh Gurjar,पिता,हरदेव गुर्जर,12,34,M,RJ/23/100862,1
GP23,भिनाय,4,भिनाय,21,राजकीय उच्च माध्यमिक विद्यालय कमरा नं.-39 भिनाय,4,सुशीला गुर्जर,Sushila Gurjar,पति,दिनेश गुर्जर,13,31,F,RJ/23/100863,1
GP23,भिनाय,4,भिनाय,21,राजकीय उच्च माध्यमिक विद्यालय कमरा नं.-39 भिनाय,5,भागचंद रेगर,Bhagchand Regar,पिता,लादू राम,12,47,M,RJ/23/100864,1
GP23,भिनाय,5,भिनाय,22,महात्मा गाँधी राजकीय विद्यालय कमरा नं.-04 भिनाय,1,दिनेश गुर्जर,Dinesh Gurjar,पिता,हरदेव गुर्जर,15,34,M,RJ/23/100865,1
GP23,भिनाय,5,भिनाय,22,महात्मा गाँधी राजकीय विद्यालय कमरा नं.-04 भिनाय,2,सुशीला गुर्जर,Sushila Gurjar,पति,दिनेश गुर्जर,16,31,F,RJ/23/100866,1
GP23,भिनाय,5,भिनाय,22,महात्मा गाँधी राजकीय विद्यालय कमरा नं.-04 भिनाय,3,भागचंद रेगर,Bhagchand Regar,पिता,लादू राम,15,47,M,RJ/23/100867,1
GP23,भिनाय,5,भिनाय,22,महात्मा गाँधी राजकीय विद्यालय कमरा नं.-04 भिनाय,4,प्रेम देवी,Prem Devi,पति,भागचंद रेगर,16,44,F,RJ/23/100868,1
GP23,भिनाय,5,भिनाय,22,महात्मा गाँधी राजकीय विद्यालय कमरा नं.-04 भिनाय,5,मुकेश जाट,Mukesh Jat,पिता,रामदेव,15,29,M,RJ/23/100869,1
GP23,भिनाय,6,भिनाय,23,महात्मा गाँधी राजकीय विद्यालय कमरा नं.-05 भिनाय,1,भागचंद रेगर,Bhagchand Regar,पिता,लादू राम,18,47,M,RJ/23/100870,1
GP23,भिनाय,6,भिनाय,23,महात्मा गाँधी राजकीय विद्यालय कमरा नं.-05 भिनाय,2,प्रेम देवी,Prem Devi,पति,भागचंद रेगर,19,44,F,RJ/23/100871,1
GP23,भिनाय,6,भिनाय,23,महात्मा गाँधी राजकीय विद्यालय कमरा नं.-05 भिनाय,3,मुकेश जाट,Mukesh Jat,पिता,रामदेव,18,29,M,RJ/23/100872,1
GP23,भिनाय,6,भिनाय,23,महात्मा गाँधी राजकीय विद्यालय कमरा नं.-05 भिनाय,4,ममता जाट,Mamta Jat,पति,मुकेश जाट,19,27,F,RJ/23/100873,1
GP23,भिनाय,6,भिनाय,23,महात्मा गाँधी राजकीय विद्यालय कमरा नं.-05 भिनाय,5,शांति लाल जैन,Shanti Lal Jain,पिता,शान्ति स्वरूप,18,63,M,RJ/23/100874,1
GP23,भिनाय,7,भिनाय,24,महात्मा गाँधी राजकीय विद्यालय कमरा नं.-09 भिनाय,1,मुकेश जाट,Mukesh Jat,पिता,रामदेव,21,29,M,RJ/23/100875,1
GP23,भिनाय,7,भिनाय,24,महात्मा गाँधी राजकीय विद्यालय कमरा नं.-09 भिनाय,2,ममता जाट,Mamta Jat,पति,मुकेश जाट,22,27,F,RJ/23/100876,1
GP23,भिनाय,7,भिनाय,24,महात्मा गाँधी राजकीय विद्यालय कमरा नं.-09 भिनाय,3,शांति लाल जैन,Shanti Lal Jain,पिता,शान्ति स्वरूप,21,63,M,RJ/23/100877,1
GP23,भिनाय,7,भिनाय,24,महात्मा गाँधी राजकीय विद्यालय कमरा नं.-09 भिनाय,4,सविता जैन,Savita Jain,पति,शांति लाल जैन,22,59,F,RJ/23/100878,1
GP23,भिनाय,7,भिनाय,24,महात्मा गाँधी राजकीय विद्यालय कमरा नं.-09 भिनाय,5,राजेंद्र शर्मा,Rajendra Sharma,पिता,कल्याण सहाय,21,50,M,RJ/23/100879,1
GP23,भिनाय,8,भिनाय,25,महात्मा गाँधी राजकीय विद्यालय कमरा नं.-10 भिनाय,1,शांति लाल जैन,Shanti Lal Jain,पिता,शान्ति स्वरूप,24,63,M,RJ/23/100880,1
GP23,भिनाय,8,भिनाय,25,महात्मा गाँधी राजकीय विद्यालय कमरा नं.-10 भिनाय,2,सविता जैन,Savita Jain,पति,शांति लाल जैन,25,59,F,RJ/23/100881,1
GP23,भिनाय,8,भिनाय,25,महात्मा गाँधी राजकीय विद्यालय कमरा नं.-10 भिनाय,3,राजेंद्र शर्मा,Rajendra Sharma,पिता,कल्याण सहाय,24,50,M,RJ/23/100882,1
GP23,भिनाय,8,भिनाय,25,महात्मा गाँधी राजकीय विद्यालय कमरा नं.-10 भिनाय,4,सुनीता शर्मा,Sunita Sharma,पति,राजेंद्र शर्मा,25,46,F,RJ/23/100883,1
GP23,भिनाय,8,भिनाय,25,महात्मा गाँधी राजकीय विद्यालय कमरा नं.-10 भिनाय,5,रामेश्वर लाल,Rameshwar Lal,पिता,सुखदेव जी,24,45,M,RJ/23/100884,1
GP23,भिनाय,9,भिनाय,18,राजकीय उच्च माध्यमिक विद्यालय कमरा नं.-19 भिनाय,1,राजेंद्र शर्मा,Rajendra Sharma,पिता,कल्याण सहाय,27,50,M,RJ/23/100885,1
GP23,भिनाय,9,भिनाय,18,राजकीय उच्च माध्यमिक विद्यालय कमरा नं.-19 भिनाय,2,सुनीता शर्मा,Sunita Sharma,पति,राजेंद्र शर्मा,28,46,F,RJ/23/100886,1
GP23,भिनाय,9,भिनाय,18,राजकीय उच्च माध्यमिक विद्यालय कमरा नं.-19 भिनाय,3,रामेश्वर लाल,Rameshwar Lal,पिता,सुखदेव जी,27,45,M,RJ/23/100887,1
GP23,भिनाय,9,भिनाय,18,राजकीय उच्च माध्यमिक विद्यालय कमरा नं.-19 भिनाय,4,कौशल्या देवी,Kaushalya Devi,पति,रामेश्वर लाल,28,41,F,RJ/23/100888,1
GP23,भिनाय,9,भिनाय,18,राजकीय उच्च माध्यमिक विद्यालय कमरा नं.-19 भिनाय,5,सुरेश कुमार,Suresh Kumar,पिता,रामेश्वर लाल,27,22,M,RJ/23/100889,1
GP23,भिनाय,10,भिनाय,19,राजकीय उच्च माध्यमिक विद्यालय कमरा नं.-33 भिनाय,1,रामेश्वर लाल,Rameshwar Lal,पिता,सुखदेव जी,30,45,M,RJ/23/100890,1
GP23,भिनाय,10,भिनाय,19,राजकीय उच्च माध्यमिक विद्यालय कमरा नं.-33 भिनाय,2,कौशल्या देवी,Kaushalya Devi,पति,रामेश्वर लाल,31,41,F,RJ/23/100891,1
GP23,भिनाय,10,भिनाय,19,राजकीय उच्च माध्यमिक विद्यालय कमरा नं.-33 भिनाय,3,सुरेश कुमार,Suresh Kumar,पिता,रामेश्वर लाल,30,22,M,RJ/23/100892,1
GP23,भिनाय,10,भिनाय,19,राजकीय उच्च माध्यमिक विद्यालय कमरा नं.-33 भिनाय,4,मंजू देवी,Manju Devi,पति,सुरेश कुमार,31,21,F,RJ/23/100893,1
GP23,भिनाय,10,भिनाय,19,राजकीय उच्च माध्यमिक विद्यालय कमरा नं.-33 भिनाय,5,गोपाल वैष्णव,Gopal Vaishnav,पिता,मदन लाल,30,38,M,RJ/23/100894,1
GP23,भिनाय,11,भिनाय,20,राजकीय उच्च माध्यमिक विद्यालय कमरा नं.-37 भिनाय,1,सुरेश कुमार,Suresh Kumar,पिता,रामेश्वर लाल,33,22,M,RJ/23/100895,1
GP23,भिनाय,11,भिनाय,20,राजकीय उच्च माध्यमिक विद्यालय कमरा नं.-37 भिनाय,2,मंजू देवी,Manju Devi,पति,सुरेश कुमार,34,21,F,RJ/23/100896,1
GP23,भिनाय,11,भिनाय,20,राजकीय उच्च माध्यमिक विद्यालय कमरा नं.-37 भिनाय,3,गोपाल वैष्णव,Gopal Vaishnav,पिता,मदन लाल,33,38,M,RJ/23/100897,1
GP23,भिनाय,11,भिनाय,20,राजकीय उच्च माध्यमिक विद्यालय कमरा नं.-37 भिनाय,4,अनिता वैष्णव,Anita Vaishnav,पति,गोपाल वैष्णव,34,35,F,RJ/23/100898,1
GP23,भिनाय,11,भिनाय,20,राजकीय उच्च माध्यमिक विद्यालय कमरा नं.-37 भिनाय,5,कैलाश चंद,Kailash Chand,पिता,रूघनाथ राम,33,52,M,RJ/23/100899,1
GP23,भिनाय,12,भिनाय,21,राजकीय उच्च माध्यमिक विद्यालय कमरा नं.-39 भिनाय,1,गोपाल वैष्णव,Gopal Vaishnav,पिता,मदन लाल,36,38,M,RJ/23/100900,1
GP23,भिनाय,12,भिनाय,21,राजकीय उच्च माध्यमिक विद्यालय कमरा नं.-39 भिनाय,2,अनिता वैष्णव,Anita Vaishnav,पति,गोपाल वैष्णव,37,35,F,RJ/23/100901,1
GP23,भिनाय,12,भिनाय,21,राजकीय उच्च माध्यमिक विद्यालय कमरा नं.-39 भिनाय,3,कैलाश चंद,Kailash Chand,पिता,रूघनाथ राम,36,52,M,RJ/23/100902,1
GP23,भिनाय,12,भिनाय,21,राजकीय उच्च माध्यमिक विद्यालय कमरा नं.-39 भिनाय,4,कमला देवी,Kamla Devi,पति,कैलाश चंद,37,48,F,RJ/23/100903,1
GP23,भिनाय,12,भिनाय,21,राजकीय उच्च माध्यमिक विद्यालय कमरा नं.-39 भिनाय,5,राकेश चौधरी,Rakesh Choudhary,पिता,कैलाश चंद,36,26,M,RJ/23/100904,1
GP23,भिनाय,13,भिनाय,22,महात्मा गाँधी राजकीय विद्यालय कमरा नं.-04 भिनाय,1,कैलाश चंद,Kailash Chand,पिता,रूघनाथ राम,39,52,M,RJ/23/100905,1
GP23,भिनाय,13,भिनाय,22,महात्मा गाँधी राजकीय विद्यालय कमरा नं.-04 भिनाय,2,कमला देवी,Kamla Devi,पति,कैलाश चंद,40,48,F,RJ/23/100906,1
GP23,भिनाय,13,भिनाय,22,महात्मा गाँधी राजकीय विद्यालय कमरा नं.-04 भिनाय,3,राकेश चौधरी,Rakesh Choudhary,पिता,कैलाश चंद,39,26,M,RJ/23/100907,1
GP23,भिनाय,13,भिनाय,22,महात्मा गाँधी राजकीय विद्यालय कमरा नं.-04 भिनाय,4,पूजा चौधरी,Pooja Choudhary,पति,राकेश चौधरी,40,24,F,RJ/23/100908,1
GP23,भिनाय,13,भिनाय,22,महात्मा गाँधी राजकीय विद्यालय कमरा नं.-04 भिनाय,5,दिनेश गुर्जर,Dinesh Gurjar,पिता,हरदेव गुर्जर,39,34,M,RJ/23/100909,1
GP23,भिनाय,14,भिनाय,23,महात्मा गाँधी राजकीय विद्यालय कमरा नं.-05 भिनाय,1,राकेश चौधरी,Rakesh Choudhary,पिता,कैलाश चंद,42,26,M,RJ/23/100910,1
GP23,भिनाय,14,भिनाय,23,महात्मा गाँधी राजकीय विद्यालय कमरा नं.-05 भिनाय,2,पूजा चौधरी,Pooja Choudhary,पति,राकेश चौधरी,43,24,F,RJ/23/100911,1
GP23,भिनाय,14,भिनाय,23,महात्मा गाँधी राजकीय विद्यालय कमरा नं.-05 भिनाय,3,दिनेश गुर्जर,Dinesh Gurjar,पिता,हरदेव गुर्जर,42,34,M,RJ/23/100912,1
GP23,भिनाय,14,भिनाय,23,महात्मा गाँधी राजकीय विद्यालय कमरा नं.-05 भिनाय,4,सुशीला गुर्जर,Sushila Gurjar,पति,दिनेश गुर्जर,43,31,F,RJ/23/100913,1
GP23,भिनाय,14,भिनाय,23,महात्मा गाँधी राजकीय विद्यालय कमरा नं.-05 भिनाय,5,भागचंद रेगर,Bhagchand Regar,पिता,लादू राम,42,47,M,RJ/23/100914,1
GP23,भिनाय,15,भिनाय,24,महात्मा गाँधी राजकीय विद्यालय कमरा नं.-09 भिनाय,1,दिनेश गुर्जर,Dinesh Gurjar,पिता,हरदेव गुर्जर,45,34,M,RJ/23/100915,1
GP23,भिनाय,15,भिनाय,24,महात्मा गाँधी राजकीय विद्यालय कमरा नं.-09 भिनाय,2,सुशीला गुर्जर,Sushila Gurjar,पति,दिनेश गुर्जर,46,31,F,RJ/23/100916,1
GP23,भिनाय,15,भिनाय,24,महात्मा गाँधी राजकीय विद्यालय कमरा नं.-09 भिनाय,3,भागचंद रेगर,Bhagchand Regar,पिता,लादू राम,45,47,M,RJ/23/100917,1
GP23,भिनाय,15,भिनाय,24,महात्मा गाँधी राजकीय विद्यालय कमरा नं.-09 भिनाय,4,प्रेम देवी,Prem Devi,पति,भागचंद रेगर,46,44,F,RJ/23/100918,1
GP23,भिनाय,15,भिनाय,24,महात्मा गाँधी राजकीय विद्यालय कमरा नं.-09 भिनाय,5,मुकेश जाट,Mukesh Jat,पिता,रामदेव,45,29,M,RJ/23/100919,1
GP23,भिनाय,16,भिनाय,25,महात्मा गाँधी राजकीय विद्यालय कमरा नं.-10 भिनाय,1,भागचंद रेगर,Bhagchand Regar,पिता,लादू राम,48,47,M,RJ/23/100920,1
GP23,भिनाय,16,भिनाय,25,महात्मा गाँधी राजकीय विद्यालय कमरा नं.-10 भिनाय,2,प्रेम देवी,Prem Devi,पति,भागचंद रेगर,49,44,F,RJ/23/100921,1
GP23,भिनाय,16,भिनाय,25,महात्मा गाँधी राजकीय विद्यालय कमरा नं.-10 भिनाय,3,मुकेश जाट,Mukesh Jat,पिता,रामदेव,48,29,M,RJ/23/100922,1
GP23,भिनाय,16,भिनाय,25,महात्मा गाँधी राजकीय विद्यालय कमरा नं.-10 भिनाय,4,ममता जाट,Mamta Jat,पति,मुकेश जाट,49,27,F,RJ/23/100923,1
GP23,भिनाय,16,भिनाय,25,महात्मा गाँधी राजकीय विद्यालय कमरा नं.-10 भिनाय,5,शांति लाल जैन,Shanti Lal Jain,पिता,शान्ति स्वरूप,48,63,M,RJ/23/100924,1
GP23,भिनाय,17,भिनाय,18,राजकीय उच्च माध्यमिक विद्यालय कमरा नं.-19 भिनाय,1,मुकेश जाट,Mukesh Jat,पिता,रामदेव,51,29,M,RJ/23/100925,1
GP23,भिनाय,17,भिनाय,18,राजकीय उच्च माध्यमिक विद्यालय कमरा नं.-19 भिनाय,2,ममता जाट,Mamta Jat,पति,मुकेश जाट,52,27,F,RJ/23/100926,1
GP23,भिनाय,17,भिनाय,18,राजकीय उच्च माध्यमिक विद्यालय कमरा नं.-19 भिनाय,3,शांति लाल जैन,Shanti Lal Jain,पिता,शान्ति स्वरूप,51,63,M,RJ/23/100927,1
GP23,भिनाय,17,भिनाय,18,राजकीय उच्च माध्यमिक विद्यालय कमरा नं.-19 भिनाय,4,सविता जैन,Savita Jain,पति,शांति लाल जैन,52,59,F,RJ/23/100928,1
GP23,भिनाय,17,भिनाय,18,राजकीय उच्च माध्यमिक विद्यालय कमरा नं.-19 भिनाय,5,राजेंद्र शर्मा,Rajendra Sharma,पिता,कल्याण सहाय,51,50,M,RJ/23/100929,1
GP23,भिनाय,18,भिनाय,19,राजकीय उच्च माध्यमिक विद्यालय कमरा नं.-33 भिनाय,1,शांति लाल जैन,Shanti Lal Jain,पिता,शान्ति स्वरूप,54,63,M,RJ/23/100930,1
GP23,भिनाय,18,भिनाय,19,राजकीय उच्च माध्यमिक विद्यालय कमरा नं.-33 भिनाय,2,सविता जैन,Savita Jain,पति,शांति लाल जैन,55,59,F,RJ/23/100931,1
GP23,भिनाय,18,भिनाय,19,राजकीय उच्च माध्यमिक विद्यालय कमरा नं.-33 भिनाय,3,राजेंद्र शर्मा,Rajendra Sharma,पिता,कल्याण सहाय,54,50,M,RJ/23/100932,1
GP23,भिनाय,18,भिनाय,19,राजकीय उच्च माध्यमिक विद्यालय कमरा नं.-33 भिनाय,4,सुनीता शर्मा,Sunita Sharma,पति,राजेंद्र शर्मा,55,46,F,RJ/23/100933,1
GP23,भिनाय,18,भिनाय,19,राजकीय उच्च माध्यमिक विद्यालय कमरा नं.-33 भिनाय,5,रामेश्वर लाल,Rameshwar Lal,पिता,सुखदेव जी,54,45,M,RJ/23/100934,1
GP23,भिनाय,19,भिनाय,20,राजकीय उच्च माध्यमिक विद्यालय कमरा नं.-37 भिनाय,1,राजेंद्र शर्मा,Rajendra Sharma,पिता,कल्याण सहाय,57,50,M,RJ/23/100935,1
GP23,भिनाय,19,भिनाय,20,राजकीय उच्च माध्यमिक विद्यालय कमरा नं.-37 भिनाय,2,सुनीता शर्मा,Sunita Sharma,पति,राजेंद्र शर्मा,58,46,F,RJ/23/100936,1
GP23,भिनाय,19,भिनाय,20,राजकीय उच्च माध्यमिक विद्यालय कमरा नं.-37 भिनाय,3,रामेश्वर लाल,Rameshwar Lal,पिता,सुखदेव जी,57,45,M,RJ/23/100937,1
GP23,भिनाय,19,भिनाय,20,राजकीय उच्च माध्यमिक विद्यालय कमरा नं.-37 भिनाय,4,कौशल्या देवी,Kaushalya Devi,पति,रामेश्वर लाल,58,41,F,RJ/23/100938,1
GP23,भिनाय,19,भिनाय,20,राजकीय उच्च माध्यमिक विद्यालय कमरा नं.-37 भिनाय,5,सुरेश कुमार,Suresh Kumar,पिता,रामेश्वर लाल,57,22,M,RJ/23/100939,1
GP23,भिनाय,20,भिनाय,21,राजकीय उच्च माध्यमिक विद्यालय कमरा नं.-39 भिनाय,1,रामेश्वर लाल,Rameshwar Lal,पिता,सुखदेव जी,60,45,M,RJ/23/100940,1
GP23,भिनाय,20,भिनाय,21,राजकीय उच्च माध्यमिक विद्यालय कमरा नं.-39 भिनाय,2,कौशल्या देवी,Kaushalya Devi,पति,रामेश्वर लाल,61,41,F,RJ/23/100941,1
GP23,भिनाय,20,भिनाय,21,राजकीय उच्च माध्यमिक विद्यालय कमरा नं.-39 भिनाय,3,सुरेश कुमार,Suresh Kumar,पिता,रामेश्वर लाल,60,22,M,RJ/23/100942,1
GP23,भिनाय,20,भिनाय,21,राजकीय उच्च माध्यमिक विद्यालय कमरा नं.-39 भिनाय,4,मंजू देवी,Manju Devi,पति,सुरेश कुमार,61,21,F,RJ/23/100943,1
GP23,भिनाय,20,भिनाय,21,राजकीय उच्च माध्यमिक विद्यालय कमरा नं.-39 भिनाय,5,गोपाल वैष्णव,Gopal Vaishnav,पिता,मदन लाल,60,38,M,RJ/23/100944,1
GP23,भिनाय,21,भिनाय,22,महात्मा गाँधी राजकीय विद्यालय कमरा नं.-04 भिनाय,1,सुरेश कुमार,Suresh Kumar,पिता,रामेश्वर लाल,63,22,M,RJ/23/100945,1
GP23,भिनाय,21,भिनाय,22,महात्मा गाँधी राजकीय विद्यालय कमरा नं.-04 भिनाय,2,मंजू देवी,Manju Devi,पति,सुरेश कुमार,64,21,F,RJ/23/100946,1
GP23,भिनाय,21,भिनाय,22,महात्मा गाँधी राजकीय विद्यालय कमरा नं.-04 भिनाय,3,गोपाल वैष्णव,Gopal Vaishnav,पिता,मदन लाल,63,38,M,RJ/23/100947,1
GP23,भिनाय,21,भिनाय,22,महात्मा गाँधी राजकीय विद्यालय कमरा नं.-04 भिनाय,4,अनिता वैष्णव,Anita Vaishnav,पति,गोपाल वैष्णव,64,35,F,RJ/23/100948,1
GP23,भिनाय,21,भिनाय,22,महात्मा गाँधी राजकीय विद्यालय कमरा नं.-04 भिनाय,5,कैलाश चंद,Kailash Chand,पिता,रूघनाथ राम,63,52,M,RJ/23/100949,1
GP24,राताकोट,1,झिंपिंया,103,राजकीय उच्च माध्यमिक विद्यालय कमरा नं.-12 राताकोट,1,सुरेश कुमार,Suresh Kumar,पिता,रामेश्वर लाल,3,22,M,RJ/24/100950,1
GP24,राताकोट,1,झिंपिंया,103,राजकीय उच्च माध्यमिक विद्यालय कमरा नं.-12 राताकोट,2,मंजू देवी,Manju Devi,पति,सुरेश कुमार,4,21,F,RJ/24/100951,1
GP24,राताकोट,1,झिंपिंया,103,राजकीय उच्च माध्यमिक विद्यालय कमरा नं.-12 राताकोट,3,गोपाल वैष्णव,Gopal Vaishnav,पिता,मदन लाल,3,38,M,RJ/24/100952,1
GP24,राताकोट,2,झिंपिंया,104,राजकीय उच्च माध्यमिक विद्यालय कमरा नं.-14 राताकोट,1,गोपाल वैष्णव,Gopal Vaishnav,पिता,मदन लाल,6,38,M,RJ/24/100953,1
GP24,राताकोट,2,झिंपिंया,104,राजकीय उच्च माध्यमिक विद्यालय कमरा नं.-14 राताकोट,2,अनिता वैष्णव,Anita Vaishnav,पति,गोपाल वैष्णव,7,35,F,RJ/24/100954,1
GP24,राताकोट,2,झिंपिंया,104,राजकीय उच्च माध्यमिक विद्यालय कमरा नं.-14 राताकोट,3,कैलाश चंद,Kailash Chand,पिता,रूघनाथ राम,6,52,M,RJ/24/100955,1
GP24,राताकोट,3,झिंपिंया,105,राजकीय उच्च माध्यमिक विद्यालय कमरा नं.-17 राताकोट,1,कैलाश चंद,Kailash Chand,पिता,रूघनाथ राम,9,52,M,RJ/24/100956,1
GP24,राताकोट,3,झिंपिंया,105,राजकीय उच्च माध्यमिक विद्यालय कमरा नं.-17 राताकोट,2,कमला देवी,Kamla Devi,पति,कैलाश चंद,10,48,F,RJ/24/100957,1
GP24,राताकोट,3,झिंपिंया,105,राजकीय उच्च माध्यमिक विद्यालय कमरा नं.-17 राताकोट,3,राकेश चौधरी,Rakesh Choudhary,पिता,कैलाश चंद,9,26,M,RJ/24/100958,1
GP24,राताकोट,4,राताकोट,106,राजकीय उच्च माध्यमिक विद्यालय कमरा नं.-01 राताकोट,1,राकेश चौधरी,Rakesh Choudhary,पिता,कैलाश चंद,12,26,M,RJ/24/100959,1
GP24,राताकोट,4,राताकोट,106,राजकीय उच्च माध्यमिक विद्यालय कमरा नं.-01 राताकोट,2,पूजा चौधरी,Pooja Choudhary,पति,राकेश चौधरी,13,24,F,RJ/24/100960,1
GP24,राताकोट,4,राताकोट,106,राजकीय उच्च माध्यमिक विद्यालय कमरा नं.-01 राताकोट,3,दिनेश गुर्जर,Dinesh Gurjar,पिता,हरदेव गुर्जर,12,34,M,RJ/24/100961,1
GP24,राताकोट,5,राताकोट,103,राजकीय उच्च माध्यमिक विद्यालय कमरा नं.-12 राताकोट,1,दिनेश गुर्जर,Dinesh Gurjar,पिता,हरदेव गुर्जर,15,34,M,RJ/24/100962,1
GP24,राताकोट,5,राताकोट,103,राजकीय उच्च माध्यमिक विद्यालय कमरा नं.-12 राताकोट,2,सुशीला गुर्जर,Sushila Gurjar,पति,दिनेश गुर्जर,16,31,F,RJ/24/100963,1
GP24,राताकोट,5,राताकोट,103,राजकीय उच्च माध्यमिक विद्यालय कमरा नं.-12 राताकोट,3,भागचंद रेगर,Bhagchand Regar,पिता,लादू राम,15,47,M,RJ/24/100964,1
GP24,राताकोट,6,राताकोट,104,राजकीय उच्च माध्यमिक विद्यालय कमरा नं.-14 राताकोट,1,भागचंद रेगर,Bhagchand Regar,पिता,लादू राम,18,47,M,RJ/24/100965,1
GP24,राताकोट,6,राताकोट,104,राजकीय उच्च माध्यमिक विद्यालय कमरा नं.-14 राताकोट,2,प्रेम देवी,Prem Devi,पति,भागचंद रेगर,19,44,F,RJ/24/100966,1
GP24,राताकोट,6,राताकोट,104,राजकीय उच्च माध्यमिक विद्यालय कमरा नं.-14 राताकोट,3,मुकेश जाट,Mukesh Jat,पिता,रामदेव,18,29,M,RJ/24/100967,1
GP24,राताकोट,7,राताकोट,105,राजकीय उच्च माध्यमिक विद्यालय कमरा नं.-17 राताकोट,1,मुकेश जाट,Mukesh Jat,पिता,रामदेव,21,29,M,RJ/24/100968,1
GP24,राताकोट,7,राताकोट,105,राजकीय उच्च माध्यमिक विद्यालय कमरा नं.-17 राताकोट,2,ममता जाट,Mamta Jat,पति,मुकेश जाट,22,27,F,RJ/24/100969,1
GP24,राताकोट,7,राताकोट,105,राजकीय उच्च माध्यमिक विद्यालय कमरा नं.-17 राताकोट,3,शांति लाल जैन,Shanti Lal Jain,पिता,शान्ति स्वरूप,21,63,M,RJ/24/100970,1
GP24,राताकोट,8,राताकोट,106,राजकीय उच्च माध्यमिक विद्यालय कमरा नं.-01 राताकोट,1,शांति लाल जैन,Shanti Lal Jain,पिता,शान्ति स्वरूप,24,63,M,RJ/24/100971,1
GP24,राताकोट,8,राताकोट,106,राजकीय उच्च माध्यमिक विद्यालय कमरा नं.-01 राताकोट,2,सविता जैन,Savita Jain,पति,शांति लाल जैन,25,59,F,RJ/24/100972,1
GP24,राताकोट,8,राताकोट,106,राजकीय उच्च माध्यमिक विद्यालय कमरा नं.-01 राताकोट,3,राजेंद्र शर्मा,Rajendra Sharma,पिता,कल्याण सहाय,24,50,M,RJ/24/100973,1
GP24,राताकोट,9,राताकोट,103,राजकीय उच्च माध्यमिक विद्यालय कमरा नं.-12 राताकोट,1,राजेंद्र शर्मा,Rajendra Sharma,पिता,कल्याण सहाय,27,50,M,RJ/24/100974,1
GP24,राताकोट,9,राताकोट,103,राजकीय उच्च माध्यमिक विद्यालय कमरा नं.-12 राताकोट,2,सुनीता शर्मा,Sunita Sharma,पति,राजेंद्र शर्मा,28,46,F,RJ/24/100975,1
GP24,राताकोट,9,राताकोट,103,राजकीय उच्च माध्यमिक विद्यालय कमरा नं.-12 राताकोट,3,रामेश्वर लाल,Rameshwar Lal,पिता,सुखदेव जी,27,45,M,RJ/24/100976,1
GP25,राममालिया,1,राममालिया,100,राजकीय उच्च माध्यमिक विद्यालय कमरा नं.-05 राममालिया,1,सुरेश कुमार,Suresh Kumar,पिता,रामेश्वर लाल,3,22,M,RJ/25/100977,1
GP25,राममालिया,1,राममालिया,100,राजकीय उच्च माध्यमिक विद्यालय कमरा नं.-05 राममालिया,2,मंजू देवी,Manju Devi,पति,सुरेश कुमार,4,21,F,RJ/25/100978,1
GP25,राममालिया,1,राममालिया,100,राजकीय उच्च माध्यमिक विद्यालय कमरा नं.-05 राममालिया,3,गोपाल वैष्णव,Gopal Vaishnav,पिता,मदन लाल,3,38,M,RJ/25/100979,1
GP25,राममालिया,2,राममालिया,101,राजकीय उच्च माध्यमिक विद्यालय कमरा नं.-06 राममालिया,1,गोपाल वैष्णव,Gopal Vaishnav,पिता,मदन लाल,6,38,M,RJ/25/100980,1
GP25,राममालिया,2,राममालिया,101,राजकीय उच्च माध्यमिक विद्यालय कमरा नं.-06 राममालिया,2,अनिता वैष्णव,Anita Vaishnav,पति,गोपाल वैष्णव,7,35,F,RJ/25/100981,1
GP25,राममालिया,2,राममालिया,101,राजकीय उच्च माध्यमिक विद्यालय कमरा नं.-06 राममालिया,3,कैलाश चंद,Kailash Chand,पिता,रूघनाथ राम,6,52,M,RJ/25/100982,1
GP25,राममालिया,3,राममालिया,102,राजकीय उच्च माध्यमिक विद्यालय कमरा नं.-13 राममालिया,1,कैलाश चंद,Kailash Chand,पिता,रूघनाथ राम,9,52,M,RJ/25/100983,1
GP25,राममालिया,3,राममालिया,102,राजकीय उच्च माध्यमिक विद्यालय कमरा नं.-13 राममालिया,2,कमला देवी,Kamla Devi,पति,कैलाश चंद,10,48,F,RJ/25/100984,1
GP25,राममालिया,3,राममालिया,102,राजकीय उच्च माध्यमिक विद्यालय कमरा नं.-13 राममालिया,3,राकेश चौधरी,Rakesh Choudhary,पिता,कैलाश चंद,9,26,M,RJ/25/100985,1
GP25,राममालिया,4,राममालिया,100,राजकीय उच्च माध्यमिक विद्यालय कमरा नं.-05 राममालिया,1,राकेश चौधरी,Rakesh Choudhary,पिता,कैलाश चंद,12,26,M,RJ/25/100986,1
GP25,राममालिया,4,राममालिया,100,राजकीय उच्च माध्यमिक विद्यालय कमरा नं.-05 राममालिया,2,पूजा चौधरी,Pooja Choudhary,पति,राकेश चौधरी,13,24,F,RJ/25/100987,1
GP25,राममालिया,4,राममालिया,100,राजकीय उच्च माध्यमिक विद्यालय कमरा नं.-05 राममालिया,3,दिनेश गुर्जर,Dinesh Gurjar,पिता,हरदेव गुर्जर,12,34,M,RJ/25/100988,1
GP25,राममालिया,5,रघुनाथगढ़,101,राजकीय उच्च माध्यमिक विद्यालय कमरा नं.-06 राममालिया,1,दिनेश गुर्जर,Dinesh Gurjar,पिता,हरदेव गुर्जर,15,34,M,RJ/25/100989,1
GP25,राममालिया,5,रघुनाथगढ़,101,राजकीय उच्च माध्यमिक विद्यालय कमरा नं.-06 राममालिया,2,सुशीला गुर्जर,Sushila Gurjar,पति,दिनेश गुर्जर,16,31,F,RJ/25/100990,1
GP25,राममालिया,5,रघुनाथगढ़,101,राजकीय उच्च माध्यमिक विद्यालय कमरा नं.-06 राममालिया,3,भागचंद रेगर,Bhagchand Regar,पिता,लादू राम,15,47,M,RJ/25/100991,1
GP25,राममालिया,6,रघुनाथगढ़,102,राजकीय उच्च माध्यमिक विद्यालय कमरा नं.-13 राममालिया,1,भागचंद रेगर,Bhagchand Regar,पिता,लादू राम,18,47,M,RJ/25/100992,1
GP25,राममालिया,6,रघुनाथगढ़,102,राजकीय उच्च माध्यमिक विद्यालय कमरा नं.-13 राममालिया,2,प्रेम देवी,Prem Devi,पति,भागचंद रेगर,19,44,F,RJ/25/100993,1
GP25,राममालिया,6,रघुनाथगढ़,102,राजकीय उच्च माध्यमिक विद्यालय कमरा नं.-13 राममालिया,3,मुकेश जाट,Mukesh Jat,पिता,रामदेव,18,29,M,RJ/25/100994,1
GP25,राममालिया,7,रघुनाथगढ़,100,राजकीय उच्च माध्यमिक विद्यालय कमरा नं.-05 राममालिया,1,मुकेश जाट,Mukesh Jat,पिता,रामदेव,21,29,M,RJ/25/100995,1
GP25,राममालिया,7,रघुनाथगढ़,100,राजकीय उच्च माध्यमिक विद्यालय कमरा नं.-05 राममालिया,2,ममता जाट,Mamta Jat,पति,मुकेश जाट,22,27,F,RJ/25/100996,1
GP25,राममालिया,7,रघुनाथगढ़,100,राजकीय उच्च माध्यमिक विद्यालय कमरा नं.-05 राममालिया,3,शांति लाल जैन,Shanti Lal Jain,पिता,शान्ति स्वरूप,21,63,M,RJ/25/100997,1
GP26,लामगरा,1,लामगरा,81,राजकीय उच्च माध्यमिक विद्यालय कमरा नं.-02 लामगरा,1,सुरेश कुमार,Suresh Kumar,पिता,रामेश्वर लाल,3,22,M,RJ/26/100998,1
GP26,लामगरा,1,लामगरा,81,राजकीय उच्च माध्यमिक विद्यालय कमरा नं.-02 लामगरा,2,मंजू देवी,Manju Devi,पति,सुरेश कुमार,4,21,F,RJ/26/100999,1
GP26,लामगरा,1,लामगरा,81,राजकीय उच्च माध्यमिक विद्यालय कमरा नं.-02 लामगरा,3,गोपाल वैष्णव,Gopal Vaishnav,पिता,मदन लाल,3,38,M,RJ/26/101000,1
GP26,लामगरा,2,लामगरा,82,राजकीय उच्च माध्यमिक विद्यालय कमरा नं.-08 लामगरा,1,गोपाल वैष्णव,Gopal Vaishnav,पिता,मदन लाल,6,38,M,RJ/26/101001,1
GP26,लामगरा,2,लामगरा,82,राजकीय उच्च माध्यमिक विद्यालय कमरा नं.-08 लामगरा,2,अनिता वैष्णव,Anita Vaishnav,पति,गोपाल वैष्णव,7,35,F,RJ/26/101002,1
GP26,लामगरा,2,लामगरा,82,राजकीय उच्च माध्यमिक विद्यालय कमरा नं.-08 लामगरा,3,कैलाश चंद,Kailash Chand,पिता,रूघनाथ राम,6,52,M,RJ/26/101003,1
GP26,लामगरा,3,लामगरा,83,राजकीय उच्च माध्यमिक विद्यालय कमरा नं.-09 लामगरा,1,कैलाश चंद,Kailash Chand,पिता,रूघनाथ राम,9,52,M,RJ/26/101004,1
GP26,लामगरा,3,लामगरा,83,राजकीय उच्च माध्यमिक विद्यालय कमरा नं.-09 लामगरा,2,कमला देवी,Kamla Devi,पति,कैलाश चंद,10,48,F,RJ/26/101005,1
GP26,लामगरा,3,लामगरा,83,राजकीय उच्च माध्यमिक विद्यालय कमरा नं.-09 लामगरा,3,राकेश चौधरी,Rakesh Choudhary,पिता,कैलाश चंद,9,26,M,RJ/26/101006,1
GP26,लामगरा,4,बडला खेड़ा,84,राजकीय उच्च माध्यमिक विद्यालय कमरा नं.-11 लामगरा,1,राकेश चौधरी,Rakesh Choudhary,पिता,कैलाश चंद,12,26,M,RJ/26/101007,1
GP26,लामगरा,4,बडला खेड़ा,84,राजकीय उच्च माध्यमिक विद्यालय कमरा नं.-11 लामगरा,2,पूजा चौधरी,Pooja Choudhary,पति,राकेश चौधरी,13,24,F,RJ/26/101008,1
GP26,लामगरा,4,बडला खेड़ा,84,राजकीय उच्च माध्यमिक विद्यालय कमरा नं.-11 लामगरा,3,दिनेश गुर्जर,Dinesh Gurjar,पिता,हरदेव गुर्जर,12,34,M,RJ/26/101009,1
GP26,लामगरा,5,गनाहेड़ा,81,राजकीय उच्च माध्यमिक विद्यालय कमरा नं.-02 लामगरा,1,दिनेश गुर्जर,Dinesh Gurjar,पिता,हरदेव गुर्जर,15,34,M,RJ/26/101010,1
GP26,लामगरा,5,गनाहेड़ा,81,राजकीय उच्च माध्यमिक विद्यालय कमरा नं.-02 लामगरा,2,सुशीला गुर्जर,Sushila Gurjar,पति,दिनेश गुर्जर,16,31,F,RJ/26/101011,1
GP26,लामगरा,5,गनाहेड़ा,81,राजकीय उच्च माध्यमिक विद्यालय कमरा नं.-02 लामगरा,3,भागचंद रेगर,Bhagchand Regar,पिता,लादू राम,15,47,M,RJ/26/101012,1
GP26,लामगरा,6,गनाहेड़ा,82,राजकीय उच्च माध्यमिक विद्यालय कमरा नं.-08 लामगरा,1,भागचंद रेगर,Bhagchand Regar,पिता,लादू राम,18,47,M,RJ/26/101013,1
GP26,लामगरा,6,गनाहेड़ा,82,राजकीय उच्च माध्यमिक विद्यालय कमरा नं.-08 लामगरा,2,प्रेम देवी,Prem Devi,पति,भागचंद रेगर,19,44,F,RJ/26/101014,1
GP26,लामगरा,6,गनाहेड़ा,82,राजकीय उच्च माध्यमिक विद्यालय कमरा नं.-08 लामगरा,3,मुकेश जाट,Mukesh Jat,पिता,रामदेव,18,29,M,RJ/26/101015,1
GP26,लामगरा,7,गनाहेड़ा,83,राजकीय उच्च माध्यमिक विद्यालय कमरा नं.-09 लामगरा,1,मुकेश जाट,Mukesh Jat,पिता,रामदेव,21,29,M,RJ/26/101016,1
GP26,लामगरा,7,गनाहेड़ा,83,राजकीय उच्च माध्यमिक विद्यालय कमरा नं.-09 लामगरा,2,ममता जाट,Mamta Jat,पति,मुकेश जाट,22,27,F,RJ/26/101017,1
GP26,लामगरा,7,गनाहेड़ा,83,राजकीय उच्च माध्यमिक विद्यालय कमरा नं.-09 लामगरा,3,शांति लाल जैन,Shanti Lal Jain,पिता,शान्ति स्वरूप,21,63,M,RJ/26/101018,1
GP26,लामगरा,8,निमेड़ा,84,राजकीय उच्च माध्यमिक विद्यालय कमरा नं.-11 लामगरा,1,शांति लाल जैन,Shanti Lal Jain,पिता,शान्ति स्वरूप,24,63,M,RJ/26/101019,1
GP26,लामगरा,8,निमेड़ा,84,राजकीय उच्च माध्यमिक विद्यालय कमरा नं.-11 लामगरा,2,सविता जैन,Savita Jain,पति,शांति लाल जैन,25,59,F,RJ/26/101020,1
GP26,लामगरा,8,निमेड़ा,84,राजकीय उच्च माध्यमिक विद्यालय कमरा नं.-11 लामगरा,3,राजेंद्र शर्मा,Rajendra Sharma,पिता,कल्याण सहाय,24,50,M,RJ/26/101021,1
GP26,लामगरा,9,निमेड़ा,81,राजकीय उच्च माध्यमिक विद्यालय कमरा नं.-02 लामगरा,1,राजेंद्र शर्मा,Rajendra Sharma,पिता,कल्याण सहाय,27,50,M,RJ/26/101022,1
GP26,लामगरा,9,निमेड़ा,81,राजकीय उच्च माध्यमिक विद्यालय कमरा नं.-02 लामगरा,2,सुनीता शर्मा,Sunita Sharma,पति,राजेंद्र शर्मा,28,46,F,RJ/26/101023,1
GP26,लामगरा,9,निमेड़ा,81,राजकीय उच्च माध्यमिक विद्यालय कमरा नं.-02 लामगरा,3,रामेश्वर लाल,Rameshwar Lal,पिता,सुखदेव जी,27,45,M,RJ/26/101024,1
GP26,लामगरा,10,निमेड़ा,82,राजकीय उच्च माध्यमिक विद्यालय कमरा नं.-08 लामगरा,1,रामेश्वर लाल,Rameshwar Lal,पिता,सुखदेव जी,30,45,M,RJ/26/101025,1
GP26,लामगरा,10,निमेड़ा,82,राजकीय उच्च माध्यमिक विद्यालय कमरा नं.-08 लामगरा,2,कौशल्या देवी,Kaushalya Devi,पति,रामेश्वर लाल,31,41,F,RJ/26/101026,1
GP26,लामगरा,10,निमेड़ा,82,राजकीय उच्च माध्यमिक विद्यालय कमरा नं.-08 लामगरा,3,सुरेश कुमार,Suresh Kumar,पिता,रामेश्वर लाल,30,22,M,RJ/26/101027,1
GP26,लामगरा,11,निमेड़ा,83,राजकीय उच्च माध्यमिक विद्यालय कमरा नं.-09 लामगरा,1,सुरेश कुमार,Suresh Kumar,पिता,रामेश्वर लाल,33,22,M,RJ/26/101028,1
GP26,लामगरा,11,निमेड़ा,83,राजकीय उच्च माध्यमिक विद्यालय कमरा नं.-09 लामगरा,2,मंजू देवी,Manju Devi,पति,सुरेश कुमार,34,21,F,RJ/26/101029,1
GP26,लामगरा,11,निमेड़ा,83,राजकीय उच्च माध्यमिक विद्यालय कमरा नं.-09 लामगरा,3,गोपाल वैष्णव,Gopal Vaishnav,पिता,मदन लाल,33,38,M,RJ/26/101030,1
GP27,सिंगावल,1,मथानिया,107,राजकीय उच्च माध्यमिक विद्यालय कमरा नं.-13 सिंगावल,1,सुरेश कुमार,Suresh Kumar,पिता,रामेश्वर लाल,3,22,M,RJ/27/101031,1
GP27,सिंगावल,1,मथानिया,107,राजकीय उच्च माध्यमिक विद्यालय कमरा नं.-13 सिंगावल,2,मंजू देवी,Manju Devi,पति,सुरेश कुमार,4,21,F,RJ/27/101032,1
GP27,सिंगावल,1,मथानिया,107,राजकीय उच्च माध्यमिक विद्यालय कमरा नं.-13 सिंगावल,3,गोपाल वैष्णव,Gopal Vaishnav,पिता,मदन लाल,3,38,M,RJ/27/101033,1
GP27,सिंगावल,2,खतानो का खेडा,108,राजकीय उच्च माध्यमिक विद्यालय कमरा नं.-01 सिंगावल,1,गोपाल वैष्णव,Gopal Vaishnav,पिता,मदन लाल,6,38,M,RJ/27/101034,1
GP27,सिंगावल,2,खतानो का खेडा,108,राजकीय उच्च माध्यमिक विद्यालय कमरा नं.-01 सिंगावल,2,अनिता वैष्णव,Anita Vaishnav,पति,गोपाल वैष्णव,7,35,F,RJ/27/101035,1
GP27,सिंगावल,2,खतानो का खेडा,108,राजकीय उच्च माध्यमिक विद्यालय कमरा नं.-01 सिंगावल,3,कैलाश चंद,Kailash Chand,पिता,रूघनाथ राम,6,52,M,RJ/27/101036,1
GP27,सिंगावल,3,सिंगावल,109,राजकीय उच्च माध्यमिक विद्यालय कमरा नं.-02 सिंगावल,1,कैलाश चंद,Kailash Chand,पिता,रूघनाथ राम,9,52,M,RJ/27/101037,1
GP27,सिंगावल,3,सिंगावल,109,राजकीय उच्च माध्यमिक विद्यालय कमरा नं.-02 सिंगावल,2,कमला देवी,Kamla Devi,पति,कैलाश चंद,10,48,F,RJ/27/101038,1
GP27,सिंगावल,3,सिंगावल,109,राजकीय उच्च माध्यमिक विद्यालय कमरा नं.-02 सिंगावल,3,राकेश चौधरी,Rakesh Choudhary,पिता,कैलाश चंद,9,26,M,RJ/27/101039,1
GP27,सिंगावल,4,सिंगावल,110,राजकीय उच्च माध्यमिक विद्यालय कमरा नं.-03 सिंगावल,1,राकेश चौधरी,Rakesh Choudhary,पिता,कैलाश चंद,12,26,M,RJ/27/101040,1
GP27,सिंगावल,4,सिंगावल,110,राजकीय उच्च माध्यमिक विद्यालय कमरा नं.-03 सिंगावल,2,पूजा चौधरी,Pooja Choudhary,पति,राकेश चौधरी,13,24,F,RJ/27/101041,1
GP27,सिंगावल,4,सिंगावल,110,राजकीय उच्च माध्यमिक विद्यालय कमरा नं.-03 सिंगावल,3,दिनेश गुर्जर,Dinesh Gurjar,पिता,हरदेव गुर्जर,12,34,M,RJ/27/101042,1
GP27,सिंगावल,5,सिंगावल,107,राजकीय उच्च माध्यमिक विद्यालय कमरा नं.-13 सिंगावल,1,दिनेश गुर्जर,Dinesh Gurjar,पिता,हरदेव गुर्जर,15,34,M,RJ/27/101043,1
GP27,सिंगावल,5,सिंगावल,107,राजकीय उच्च माध्यमिक विद्यालय कमरा नं.-13 सिंगावल,2,सुशीला गुर्जर,Sushila Gurjar,पति,दिनेश गुर्जर,16,31,F,RJ/27/101044,1
GP27,सिंगावल,5,सिंगावल,107,राजकीय उच्च माध्यमिक विद्यालय कमरा नं.-13 सिंगावल,3,भागचंद रेगर,Bhagchand Regar,पिता,लादू राम,15,47,M,RJ/27/101045,1
GP27,सिंगावल,6,सिंगावल,108,राजकीय उच्च माध्यमिक विद्यालय कमरा नं.-01 सिंगावल,1,भागचंद रेगर,Bhagchand Regar,पिता,लादू राम,18,47,M,RJ/27/101046,1
GP27,सिंगावल,6,सिंगावल,108,राजकीय उच्च माध्यमिक विद्यालय कमरा नं.-01 सिंगावल,2,प्रेम देवी,Prem Devi,पति,भागचंद रेगर,19,44,F,RJ/27/101047,1
GP27,सिंगावल,6,सिंगावल,108,राजकीय उच्च माध्यमिक विद्यालय कमरा नं.-01 सिंगावल,3,मुकेश जाट,Mukesh Jat,पिता,रामदेव,18,29,M,RJ/27/101048,1
GP27,सिंगावल,7,सिंगावल,109,राजकीय उच्च माध्यमिक विद्यालय कमरा नं.-02 सिंगावल,1,मुकेश जाट,Mukesh Jat,पिता,रामदेव,21,29,M,RJ/27/101049,1
GP27,सिंगावल,7,सिंगावल,109,राजकीय उच्च माध्यमिक विद्यालय कमरा नं.-02 सिंगावल,2,ममता जाट,Mamta Jat,पति,मुकेश जाट,22,27,F,RJ/27/101050,1
GP27,सिंगावल,7,सिंगावल,109,राजकीय उच्च माध्यमिक विद्यालय कमरा नं.-02 सिंगावल,3,शांति लाल जैन,Shanti Lal Jain,पिता,शान्ति स्वरूप,21,63,M,RJ/27/101051,1
GP27,सिंगावल,8,सिंगावल,110,राजकीय उच्च माध्यमिक विद्यालय कमरा नं.-03 सिंगावल,1,शांति लाल जैन,Shanti Lal Jain,पिता,शान्ति स्वरूप,24,63,M,RJ/27/101052,1
GP27,सिंगावल,8,सिंगावल,110,राजकीय उच्च माध्यमिक विद्यालय कमरा नं.-03 सिंगावल,2,सविता जैन,Savita Jain,पति,शांति लाल जैन,25,59,F,RJ/27/101053,1
GP27,सिंगावल,8,सिंगावल,110,राजकीय उच्च माध्यमिक विद्यालय कमरा नं.-03 सिंगावल,3,राजेंद्र शर्मा,Rajendra Sharma,पिता,कल्याण सहाय,24,50,M,RJ/27/101054,1
GP27,सिंगावल,9,सिंगावल,107,राजकीय उच्च माध्यमिक विद्यालय कमरा नं.-13 सिंगावल,1,राजेंद्र शर्मा,Rajendra Sharma,पिता,कल्याण सहाय,27,50,M,RJ/27/101055,1
GP27,सिंगावल,9,सिंगावल,107,राजकीय उच्च माध्यमिक विद्यालय कमरा नं.-13 सिंगावल,2,सुनीता शर्मा,Sunita Sharma,पति,राजेंद्र शर्मा,28,46,F,RJ/27/101056,1
GP27,सिंगावल,9,सिंगावल,107,राजकीय उच्च माध्यमिक विद्यालय कमरा नं.-13 सिंगावल,3,रामेश्वर लाल,Rameshwar Lal,पिता,सुखदेव जी,27,45,M,RJ/27/101057,1
GP28,सोबड़ी आंशिक,1,"प्रतापपुरा,रूपपुरा",111,राजकीय उच्च माध्यमिक विद्यालय कमरा नं.-01 सोबड़ी,1,सुरेश कुमार,Suresh Kumar,पिता,रामेश्वर लाल,3,22,M,RJ/28/101058,1
GP28,सोबड़ी आंशिक,1,"प्रतापपुरा,रूपपुरा",111,राजकीय उच्च माध्यमिक विद्यालय कमरा नं.-01 सोबड़ी,2,मंजू देवी,Manju Devi,पति,सुरेश कुमार,4,21,F,RJ/28/101059,1
GP28,सोबड़ी आंशिक,1,"प्रतापपुरा,रूपपुरा",111,राजकीय उच्च माध्यमिक विद्यालय कमरा नं.-01 सोबड़ी,3,गोपाल वैष्णव,Gopal Vaishnav,पिता,मदन लाल,3,38,M,RJ/28/101060,1
GP28,सोबड़ी आंशिक,2,तेलाडा,112,राजकीय उच्च माध्यमिक विद्यालय कमरा नं.-02 सोबड़ी,1,गोपाल वैष्णव,Gopal Vaishnav,पिता,मदन लाल,6,38,M,RJ/28/101061,1
GP28,सोबड़ी आंशिक,2,तेलाडा,112,राजकीय उच्च माध्यमिक विद्यालय कमरा नं.-02 सोबड़ी,2,अनिता वैष्णव,Anita Vaishnav,पति,गोपाल वैष्णव,7,35,F,RJ/28/101062,1
GP28,सोबड़ी आंशिक,2,तेलाडा,112,राजकीय उच्च माध्यमिक विद्यालय कमरा नं.-02 सोबड़ी,3,कैलाश चंद,Kailash Chand,पिता,रूघनाथ राम,6,52,M,RJ/28/101063,1
GP28,सोबड़ी आंशिक,3,तेलाडा,113,राजकीय उच्च माध्यमिक विद्यालय कमरा नं.-05 सोबड़ी,1,कैलाश चंद,Kailash Chand,पिता,रूघनाथ राम,9,52,M,RJ/28/101064,1
GP28,सोबड़ी आंशिक,3,तेलाडा,113,राजकीय उच्च माध्यमिक विद्यालय कमरा नं.-05 सोबड़ी,2,कमला देवी,Kamla Devi,पति,कैलाश चंद,10,48,F,RJ/28/101065,1
GP28,सोबड़ी आंशिक,3,तेलाडा,113,राजकीय उच्च माध्यमिक विद्यालय कमरा नं.-05 सोबड़ी,3,राकेश चौधरी,Rakesh Choudhary,पिता,कैलाश चंद,9,26,M,RJ/28/101066,1
GP28,सोबड़ी आंशिक,4,सोबड़ी,111,राजकीय उच्च माध्यमिक विद्यालय कमरा नं.-01 सोबड़ी,1,राकेश चौधरी,Rakesh Choudhary,पिता,कैलाश चंद,12,26,M,RJ/28/101067,1
GP28,सोबड़ी आंशिक,4,सोबड़ी,111,राजकीय उच्च माध्यमिक विद्यालय कमरा नं.-01 सोबड़ी,2,पूजा चौधरी,Pooja Choudhary,पति,राकेश चौधरी,13,24,F,RJ/28/101068,1
GP28,सोबड़ी आंशिक,4,सोबड़ी,111,राजकीय उच्च माध्यमिक विद्यालय कमरा नं.-01 सोबड़ी,3,दिनेश गुर्जर,Dinesh Gurjar,पिता,हरदेव गुर्जर,12,34,M,RJ/28/101069,1
GP28,सोबड़ी आंशिक,5,सोबड़ी,112,राजकीय उच्च माध्यमिक विद्यालय कमरा नं.-02 सोबड़ी,1,दिनेश गुर्जर,Dinesh Gurjar,पिता,हरदेव गुर्जर,15,34,M,RJ/28/101070,1
GP28,सोबड़ी आंशिक,5,सोबड़ी,112,राजकीय उच्च माध्यमिक विद्यालय कमरा नं.-02 सोबड़ी,2,सुशीला गुर्जर,Sushila Gurjar,पति,दिनेश गुर्जर,16,31,F,RJ/28/101071,1
GP28,सोबड़ी आंशिक,5,सोबड़ी,112,राजकीय उच्च माध्यमिक विद्यालय कमरा नं.-02 सोबड़ी,3,भागचंद रेगर,Bhagchand Regar,पिता,लादू राम,15,47,M,RJ/28/101072,1
GP28,सोबड़ी आंशिक,6,सोबड़ी,113,राजकीय उच्च माध्यमिक विद्यालय कमरा नं.-05 सोबड़ी,1,भागचंद रेगर,Bhagchand Regar,पिता,लादू राम,18,47,M,RJ/28/101073,1
GP28,सोबड़ी आंशिक,6,सोबड़ी,113,राजकीय उच्च माध्यमिक विद्यालय कमरा नं.-05 सोबड़ी,2,प्रेम देवी,Prem Devi,पति,भागचंद रेगर,19,44,F,RJ/28/101074,1
GP28,सोबड़ी आंशिक,6,सोबड़ी,113,राजकीय उच्च माध्यमिक विद्यालय कमरा नं.-05 सोबड़ी,3,मुकेश जाट,Mukesh Jat,पिता,रामदेव,18,29,M,RJ/28/101075,1
GP28,सोबड़ी आंशिक,7,कुम्हारिया खेड़ा,111,राजकीय उच्च माध्यमिक विद्यालय कमरा नं.-01 सोबड़ी,1,मुकेश जाट,Mukesh Jat,पिता,रामदेव,21,29,M,RJ/28/101076,1
GP28,सोबड़ी आंशिक,7,कुम्हारिया खेड़ा,111,राजकीय उच्च माध्यमिक विद्यालय कमरा नं.-01 सोबड़ी,2,ममता जाट,Mamta Jat,पति,मुकेश जाट,22,27,F,RJ/28/101077,1
GP28,सोबड़ी आंशिक,7,कुम्हारिया खेड़ा,111,राजकीय उच्च माध्यमिक विद्यालय कमरा नं.-01 सोबड़ी,3,शांति लाल जैन,Shanti Lal Jain,पिता,शान्ति स्वरूप,21,63,M,RJ/28/101078,1
GP29,सोलखुर्द,1,सोलखुर्द,114,राजकीय प्राथमिक विद्यालय कमरा नं.-01 सोलखुर्द,1,सुरेश कुमार,Suresh Kumar,पिता,रामेश्वर लाल,3,22,M,RJ/29/101079,1
GP29,सोलखुर्द,1,सोलखुर्द,114,राजकीय प्राथमिक विद्यालय कमरा नं.-01 सोलखुर्द,2,मंजू देवी,Manju Devi,पति,सुरेश कुमार,4,21,F,RJ/29/101080,1
GP29,सोलखुर्द,1,सोलखुर्द,114,राजकीय प्राथमिक विद्यालय कमरा नं.-01 सोलखुर्द,3,गोपाल वैष्णव,Gopal Vaishnav,पिता,मदन लाल,3,38,M,RJ/29/101081,1
GP29,सोलखुर्द,2,खायडा,115,राजकीय प्राथमिक विद्यालय कमरा नं.-02 सोलखुर्द,1,गोपाल वैष्णव,Gopal Vaishnav,पिता,मदन लाल,6,38,M,RJ/29/101082,1
GP29,सोलखुर्द,2,खायडा,115,राजकीय प्राथमिक विद्यालय कमरा नं.-02 सोलखुर्द,2,अनिता वैष्णव,Anita Vaishnav,पति,गोपाल वैष्णव,7,35,F,RJ/29/101083,1
GP29,सोलखुर्द,2,खायडा,115,राजकीय प्राथमिक विद्यालय कमरा नं.-02 सोलखुर्द,3,कैलाश चंद,Kailash Chand,पिता,रूघनाथ राम,6,52,M,RJ/29/101084,1
GP29,सोलखुर्द,3,खायडा,116,राजकीय प्राथमिक विद्यालय कमरा नं.-03 सोलखुर्द,1,कैलाश चंद,Kailash Chand,पिता,रूघनाथ राम,9,52,M,RJ/29/101085,1
GP29,सोलखुर्द,3,खायडा,116,राजकीय प्राथमिक विद्यालय कमरा नं.-03 सोलखुर्द,2,कमला देवी,Kamla Devi,पति,कैलाश चंद,10,48,F,RJ/29/101086,1
GP29,सोलखुर्द,3,खायडा,116,राजकीय प्राथमिक विद्यालय कमरा नं.-03 सोलखुर्द,3,राकेश चौधरी,Rakesh Choudhary,पिता,कैलाश चंद,9,26,M,RJ/29/101087,1
GP29,सोलखुर्द,4,खायडा,114,राजकीय प्राथमिक विद्यालय कमरा नं.-01 सोलखुर्द,1,राकेश चौधरी,Rakesh Choudhary,पिता,कैलाश चंद,12,26,M,RJ/29/101088,1
GP29,सोलखुर्द,4,खायडा,114,राजकीय प्राथमिक विद्यालय कमरा नं.-01 सोलखुर्द,2,पूजा चौधरी,Pooja Choudhary,पति,राकेश चौधरी,13,24,F,RJ/29/101089,1
GP29,सोलखुर्द,4,खायडा,114,राजकीय प्राथमिक विद्यालय कमरा नं.-01 सोलखुर्द,3,दिनेश गुर्जर,Dinesh Gurjar,पिता,हरदेव गुर्जर,12,34,M,RJ/29/101090,1
GP29,सोलखुर्द,5,पिपलिया,115,राजकीय प्राथमिक विद्यालय कमरा नं.-02 सोलखुर्द,1,दिनेश गुर्जर,Dinesh Gurjar,पिता,हरदेव गुर्जर,15,34,M,RJ/29/101091,1
GP29,सोलखुर्द,5,पिपलिया,115,राजकीय प्राथमिक विद्यालय कमरा नं.-02 सोलखुर्द,2,सुशीला गुर्जर,Sushila Gurjar,पति,दिनेश गुर्जर,16,31,F,RJ/29/101092,1
GP29,सोलखुर्द,5,पिपलिया,115,राजकीय प्राथमिक विद्यालय कमरा नं.-02 सोलखुर्द,3,भागचंद रेगर,Bhagchand Regar,पिता,लादू राम,15,47,M,RJ/29/101093,1
GP29,सोलखुर्द,6,पिपलिया,116,राजकीय प्राथमिक विद्यालय कमरा नं.-03 सोलखुर्द,1,भागचंद रेगर,Bhagchand Regar,पिता,लादू राम,18,47,M,RJ/29/101094,1
GP29,सोलखुर्द,6,पिपलिया,116,राजकीय प्राथमिक विद्यालय कमरा नं.-03 सोलखुर्द,2,प्रेम देवी,Prem Devi,पति,भागचंद रेगर,19,44,F,RJ/29/101095,1
GP29,सोलखुर्द,6,पिपलिया,116,राजकीय प्राथमिक विद्यालय कमरा नं.-03 सोलखुर्द,3,मुकेश जाट,Mukesh Jat,पिता,रामदेव,18,29,M,RJ/29/101096,1
GP29,सोलखुर्द,7,पिपलिया,114,राजकीय प्राथमिक विद्यालय कमरा नं.-01 सोलखुर्द,1,मुकेश जाट,Mukesh Jat,पिता,रामदेव,21,29,M,RJ/29/101097,1
GP29,सोलखुर्द,7,पिपलिया,114,राजकीय प्राथमिक विद्यालय कमरा नं.-01 सोलखुर्द,2,ममता जाट,Mamta Jat,पति,मुकेश जाट,22,27,F,RJ/29/101098,1
GP29,सोलखुर्द,7,पिपलिया,114,राजकीय प्राथमिक विद्यालय कमरा नं.-01 सोलखुर्द,3,शांति लाल जैन,Shanti Lal Jain,पिता,शान्ति स्वरूप,21,63,M,RJ/29/101099,1
GP29,सोलखुर्द,8,सोलकलां,115,राजकीय प्राथमिक विद्यालय कमरा नं.-02 सोलखुर्द,1,शांति लाल जैन,Shanti Lal Jain,पिता,शान्ति स्वरूप,24,63,M,RJ/29/101100,1
GP29,सोलखुर्द,8,सोलकलां,115,राजकीय प्राथमिक विद्यालय कमरा नं.-02 सोलखुर्द,2,सविता जैन,Savita Jain,पति,शांति लाल जैन,25,59,F,RJ/29/101101,1
GP29,सोलखुर्द,8,सोलकलां,115,राजकीय प्राथमिक विद्यालय कमरा नं.-02 सोलखुर्द,3,राजेंद्र शर्मा,Rajendra Sharma,पिता,कल्याण सहाय,24,50,M,RJ/29/101102,1
GP29,सोलखुर्द,9,सोलकलां,116,राजकीय प्राथमिक विद्यालय कमरा नं.-03 सोलखुर्द,1,राजेंद्र शर्मा,Rajendra Sharma,पिता,कल्याण सहाय,27,50,M,RJ/29/101103,1
GP29,सोलखुर्द,9,सोलकलां,116,राजकीय प्राथमिक विद्यालय कमरा नं.-03 सोलखुर्द,2,सुनीता शर्मा,Sunita Sharma,पति,राजेंद्र शर्मा,28,46,F,RJ/29/101104,1
GP29,सोलखुर्द,9,सोलकलां,116,राजकीय प्राथमिक विद्यालय कमरा नं.-03 सोलखुर्द,3,रामेश्वर लाल,Rameshwar Lal,पिता,सुखदेव जी,27,45,M,RJ/29/101105,1
GP30,हियालिया,1,हियालिया,61,राजकीय उच्च माध्यमिक विद्यालय कमरा नं.-03 हियालिया,1,सुरेश कुमार,Suresh Kumar,पिता,रामेश्वर लाल,3,22,M,RJ/30/101106,1
GP30,हियालिया,1,हियालिया,61,राजकीय उच्च माध्यमिक विद्यालय कमरा नं.-03 हियालिया,2,मंजू देवी,Manju Devi,पति,सुरेश कुमार,4,21,F,RJ/30/101107,1
GP30,हियालिया,1,हियालिया,61,राजकीय उच्च माध्यमिक विद्यालय कमरा नं.-03 हियालिया,3,गोपाल वैष्णव,Gopal Vaishnav,पिता,मदन लाल,3,38,M,RJ/30/101108,1
GP30,हियालिया,2,हियालिया,62,राजकीय उच्च माध्यमिक विद्यालय कमरा नं.-04 हियालिया,1,गोपाल वैष्णव,Gopal Vaishnav,पिता,मदन लाल,6,38,M,RJ/30/101109,1
GP30,हियालिया,2,हियालिया,62,राजकीय उच्च माध्यमिक विद्यालय कमरा नं.-04 हियालिया,2,अनिता वैष्णव,Anita Vaishnav,पति,गोपाल वैष्णव,7,35,F,RJ/30/101110,1
GP30,हियालिया,2,हियालिया,62,राजकीय उच्च माध्यमिक विद्यालय कमरा नं.-04 हियालिया,3,कैलाश चंद,Kailash Chand,पिता,रूघनाथ राम,6,52,M,RJ/30/101111,1
GP30,हियालिया,3,हियालिया,61,राजकीय उच्च माध्यमिक विद्यालय कमरा नं.-03 हियालिया,1,कैलाश चंद,Kailash Chand,पिता,रूघनाथ राम,9,52,M,RJ/30/101112,1
GP30,हियालिया,3,हियालिया,61,राजकीय उच्च माध्यमिक विद्यालय कमरा नं.-03 हियालिया,2,कमला देवी,Kamla Devi,पति,कैलाश चंद,10,48,F,RJ/30/101113,1
GP30,हियालिया,3,हियालिया,61,राजकीय उच्च माध्यमिक विद्यालय कमरा नं.-03 हियालिया,3,राकेश चौधरी,Rakesh Choudhary,पिता,कैलाश चंद,9,26,M,RJ/30/101114,1
GP30,हियालिया,4,बालापुरा,62,राजकीय उच्च माध्यमिक विद्यालय कमरा नं.-04 हियालिया,1,राकेश चौधरी,Rakesh Choudhary,पिता,कैलाश चंद,12,26,M,RJ/30/101115,1
GP30,हियालिया,4,बालापुरा,62,राजकीय उच्च माध्यमिक विद्यालय कमरा नं.-04 हियालिया,2,पूजा चौधरी,Pooja Choudhary,पति,राकेश चौधरी,13,24,F,RJ/30/101116,1
GP30,हियालिया,4,बालापुरा,62,राजकीय उच्च माध्यमिक विद्यालय कमरा नं.-04 हियालिया,3,दिनेश गुर्जर,Dinesh Gurjar,पिता,हरदेव गुर्जर,12,34,M,RJ/30/101117,1
GP30,हियालिया,5,बनेडिया,61,राजकीय उच्च माध्यमिक विद्यालय कमरा नं.-03 हियालिया,1,दिनेश गुर्जर,Dinesh Gurjar,पिता,हरदेव गुर्जर,15,34,M,RJ/30/101118,1
GP30,हियालिया,5,बनेडिया,61,राजकीय उच्च माध्यमिक विद्यालय कमरा नं.-03 हियालिया,2,सुशीला गुर्जर,Sushila Gurjar,पति,दिनेश गुर्जर,16,31,F,RJ/30/101119,1
GP30,हियालिया,5,बनेडिया,61,राजकीय उच्च माध्यमिक विद्यालय कमरा नं.-03 हियालिया,3,भागचंद रेगर,Bhagchand Regar,पिता,लादू राम,15,47,M,RJ/30/101120,1
GP30,हियालिया,6,बनेडिया,62,राजकीय उच्च माध्यमिक विद्यालय कमरा नं.-04 हियालिया,1,भागचंद रेगर,Bhagchand Regar,पिता,लादू राम,18,47,M,RJ/30/101121,1
GP30,हियालिया,6,बनेडिया,62,राजकीय उच्च माध्यमिक विद्यालय कमरा नं.-04 हियालिया,2,प्रेम देवी,Prem Devi,पति,भागचंद रेगर,19,44,F,RJ/30/101122,1
GP30,हियालिया,6,बनेडिया,62,राजकीय उच्च माध्यमिक विद्यालय कमरा नं.-04 हियालिया,3,मुकेश जाट,Mukesh Jat,पिता,रामदेव,18,29,M,RJ/30/101123,1
GP30,हियालिया,7,बनेडिया,61,राजकीय उच्च माध्यमिक विद्यालय कमरा नं.-03 हियालिया,1,मुकेश जाट,Mukesh Jat,पिता,रामदेव,21,29,M,RJ/30/101124,1
GP30,हियालिया,7,बनेडिया,61,राजकीय उच्च माध्यमिक विद्यालय कमरा नं.-03 हियालिया,2,ममता जाट,Mamta Jat,पति,मुकेश जाट,22,27,F,RJ/30/101125,1
GP30,हियालिया,7,बनेडिया,61,राजकीय उच्च माध्यमिक विद्यालय कमरा नं.-03 हियालिया,3,शांति लाल जैन,Shanti Lal Jain,पिता,शान्ति स्वरूप,21,63,M,RJ/30/101126,1
